1	-42	2412	35.933330288382
1	-42	2412	35.938561108918
1	-42	2412	35.943800695353
1	-42	2412	35.949028279594
1	-41	2412	35.954257660832
1	-42	2412	35.959449790351
1	-42	2412	35.96463518542
1	-41	2412	35.969814162261
1	-41	2412	35.975012017586
1	-41	2412	35.980240157169
1	-41	2412	35.985437630071
1	-41	2412	35.990652809056
1	-41	2412	35.995854002424
1	-41	2412	36.001056896453
1	-41	2412	36.006303419754
1	-41	2412	36.011488505364
1	-41	2412	36.016700570354
1	-41	2412	36.021935472724
1	-41	2412	36.027132919502
1	-41	2412	36.03235010143
1	-41	2412	36.03759209545
1	-41	2412	36.042825802313
1	-41	2412	36.047986359597
1	-41	2412	36.053200365958
1	-41	2412	36.058442806998
1	-41	2412	36.063687146281
1	-41	2412	36.068920771071
1	-41	2412	36.074115977878
1	-41	2412	36.079354807427
1	-41	2412	36.08455072896
1	-41	2412	36.089789142666
1	-41	2412	36.09493272843
1	-41	2412	36.100124521129
1	-41	2412	36.105330459969
1	-42	2412	36.110557002122
1	-41	2412	36.115765032064
1	-41	2412	36.120818389154
1	-41	2412	36.126051647867
1	-41	2412	36.131282548416
1	-41	2412	36.136529632755
1	-41	2412	36.141770973646
1	-41	2412	36.146961274299
1	-41	2412	36.15213266794
1	-41	2412	36.157338791166
1	-41	2412	36.162539156118
1	-41	2412	36.167736647276
1	-41	2412	36.172981676734
1	-41	2412	36.178159489413
1	-41	2412	36.183357204846
1	-41	2412	36.18855296117
1	-41	2412	36.193778444107
1	-41	2412	36.199020916509
1	-42	2412	36.204255065866
1	-42	2412	36.209073700628
1	-41	2412	36.214304716503
1	-42	2412	36.219231704979
1	-41	2412	36.224463409931
1	-42	2412	36.229640240766
1	-41	2412	36.234818730977
1	-41	2412	36.239952371849
1	-41	2412	36.245079716726
1	-41	2412	36.250325403949
1	-41	2412	36.25546836808
1	-41	2412	36.260629613
1	-41	2412	36.265869701071
1	-41	2412	36.27105320221
1	-41	2412	36.276252705251
1	-41	2412	36.281495565444
1	-41	2412	36.286732107228
1	-41	2412	36.2918406273
1	-41	2412	36.297085429347
1	-41	2412	36.302311447696
1	-41	2412	36.307519686297
1	-42	2412	36.312757244396
1	-41	2412	36.31795277416
1	-42	2412	36.323135707908
1	-41	2412	36.328372910381
1	-41	2412	36.333574464725
1	-41	2412	36.338750345545
1	-41	2412	36.343976280182
1	-42	2412	36.349028405528
1	-41	2412	36.354252377044
1	-42	2412	36.359493134952
1	-42	2412	36.364668641017
1	-41	2412	36.369881611558
1	-41	2412	36.3750863511
1	-41	2412	36.380287925692
1	-41	2412	36.385485919183
1	-42	2412	36.390700060549
1	-41	2412	36.39594086873
1	-42	2412	36.401139878312
1	-42	2412	36.406382621923
1	-42	2412	36.411535262677
1	-41	2412	36.416739110062
1	-41	2412	36.421967748453
1	-41	2412	36.427180673409
1	-42	2412	36.432358356468
1	-41	2412	36.437570665197
1	-41	2412	36.44279605562
1	-41	2412	36.447976450936
1	-41	2412	36.453184976332
1	-41	2412	36.458387375654
1	-41	2412	36.463630621293
1	-41	2412	36.468805291615
1	-41	2412	36.474000113182
1	-41	2412	36.479237367212
1	-41	2412	36.484480099147
1	-41	2412	36.489658099867
1	-41	2412	36.494852196007
1	-41	2412	36.500096561975
1	-41	2412	36.505331289973
1	-41	2412	36.510518545024
1	-41	2412	36.515693136907
1	-41	2412	36.520905901006
1	-41	2412	36.526136865851
1	-41	2412	36.531309872398
1	-41	2412	36.536537727641
1	-41	2412	36.54175745837
1	-41	2412	36.546988689518
1	-41	2412	36.552171977064
1	-41	2412	36.55733513104
1	-41	2412	36.562549417999
1	-41	2412	36.567746909393
1	-42	2412	36.572971931643
1	-41	2412	36.578186411469
1	-41	2412	36.583372411508
1	-41	2412	36.588614128444
1	-41	2412	36.593812208376
1	-42	2412	36.598996765636
1	-42	2412	36.604228253534
1	-41	2412	36.609415805142
1	-41	2412	36.614620944597
1	-41	2412	36.619849245297
1	-41	2412	36.625090232829
1	-42	2412	36.630332081399
1	-41	2412	36.635333170995
1	-41	2412	36.640579446782
1	-42	2412	36.645817255916
1	-41	2412	36.651012520884
1	-41	2412	36.656250002731
1	-41	2412	36.661431833736
1	-41	2412	36.666669636402
1	-41	2412	36.671822975035
1	-41	2412	36.677027508161
1	-41	2412	36.682249015369
1	-41	2412	36.687429837699
1	-41	2412	36.692625262103
1	-41	2412	36.697866529432
1	-42	2412	36.703102755863
1	-42	2412	36.708137412688
1	-42	2412	36.713376822296
1	-42	2412	36.718617001696
1	-41	2412	36.723850927828
1	-41	2412	36.729095996198
1	-41	2412	36.73433890519
1	-42	2412	36.739529724929
1	-41	2412	36.74466457118
1	-41	2412	36.749905722611
1	-41	2412	36.755139172784
1	-41	2412	36.760319338315
1	-42	2412	36.765505706237
1	-41	2412	36.770701492502
1	-41	2412	36.775795987571
1	-41	2412	36.781030824055
1	-41	2412	36.786266430569
1	-41	2412	36.791449827379
1	-41	2412	36.796688878237
1	-42	2412	36.801884468405
1	-41	2412	36.807083288786
1	-41	2412	36.812280398783
1	-41	2412	36.817510582657
1	-41	2412	36.822746899127
1	-41	2412	36.827988557872
1	-41	2412	36.83274058249
1	-42	2412	36.837973874764
1	-41	2412	36.843130995542
1	-42	2412	36.84830379953
1	-42	2412	36.853496120336
1	-42	2412	36.858695409335
1	-41	2412	36.863932575339
1	-41	2412	36.869158887535
1	-42	2412	36.874273285678
1	-42	2412	36.879510322648
1	-42	2412	36.884732857828
1	-42	2412	36.889960787031
1	-42	2412	36.895008570358
1	-42	2412	36.900231052922
1	-41	2412	36.905473046336
1	-42	2412	36.910666920792
1	-41	2412	36.915902556613
1	-42	2412	36.921141817889
1	-42	2412	36.926324615577
1	-42	2412	36.931559010608
1	-42	2412	36.936743426968
1	-42	2412	36.941920509579
1	-42	2412	36.947176534024
1	-41	2412	36.95230376188
1	-42	2412	36.957529081466
1	-42	2412	36.962751193718
1	-42	2412	36.967931709311
1	-42	2412	36.973130635666
1	-42	2412	36.978359827762
1	-41	2412	36.983548953511
1	-41	2412	36.988745914117
1	-41	2412	36.993937595709
1	-41	2412	36.999138098958
1	-41	2412	37.004379479601
1	-41	2412	37.009559492448
1	-41	2412	37.014763561053
1	-42	2412	37.019983632153
1	-41	2412	37.025179765847
1	-41	2412	37.030372866118
1	-42	2412	37.035600075329
1	-42	2412	37.040839643737
1	-42	2412	37.045925322398
1	-42	2412	37.051160324659
1	-42	2412	37.056350915049
1	-41	2412	36.996674254343
1	-41	2412	37.001888971674
1	-41	2412	37.007117698264
1	-41	2412	37.012337374488
1	-41	2412	37.0173407541
1	-41	2412	37.022555206115
1	-41	2412	37.027683559578
1	-41	2412	37.032894439618
1	-41	2412	37.038038672766
1	-41	2412	37.043249398784
1	-41	2412	37.04836526795
1	-41	2412	37.053575929647
1	-41	2412	37.058804178736
1	-41	2412	37.064036155071
1	-41	2412	37.069260005611
1	-41	2412	37.074436456143
1	-41	2412	37.079608700376
1	-41	2412	37.084775564727
1	-41	2412	37.089991195356
1	-41	2412	37.095170651016
1	-41	2412	37.100384399394
1	-41	2412	37.105540716234
1	-41	2412	37.110732782996
1	-41	2412	37.115923130228
1	-41	2412	37.121108144379
1	-41	2412	37.126316589303
1	-41	2412	37.131429311709
1	-41	2412	37.136647407679
1	-41	2412	37.141821867561
1	-41	2412	37.14701324179
1	-41	2412	37.152209468953
1	-41	2412	37.157262235979
1	-41	2412	37.162492579653
1	-41	2412	37.167701716392
1	-41	2412	37.172859896538
1	-41	2412	37.178043787686
1	-41	2412	37.18326623052
1	-41	2412	37.188434174314
1	-41	2412	37.19362821843
1	-41	2412	37.198844518262
1	-41	2412	37.204055574749
1	-41	2412	37.209269803954
1	-41	2412	37.214484102846
1	-41	2412	37.21970016498
1	-41	2412	37.224906887628
1	-41	2412	37.230123794794
1	-41	2412	37.235340537157
1	-41	2412	37.240567281358
1	-41	2412	37.245741987336
1	-41	2412	37.250857289354
1	-41	2412	37.256040392691
1	-41	2412	37.261266129936
1	-41	2412	37.266440601212
1	-41	2412	37.271670764221
1	-41	2412	37.276764657012
1	-41	2412	37.281994337298
1	-41	2412	37.287146758703
1	-41	2412	37.292246162942
1	-41	2412	37.297460717404
1	-41	2412	37.302693162685
1	-41	2412	37.307851985822
1	-41	2412	37.313042270817
1	-41	2412	37.318257003106
1	-41	2412	37.323429399487
1	-41	2412	37.32862270672
1	-41	2412	37.333852551021
1	-41	2412	37.339052929022
1	-41	2412	37.344209669839
1	-41	2412	37.349344893789
1	-41	2412	37.354549657827
1	-41	2412	37.359736642185
1	-41	2412	37.364917125586
1	-41	2412	37.370082368231
1	-42	2412	37.375084001734
1	-41	2412	37.380269177331
1	-41	2412	37.385432729152
1	-41	2412	37.390628186157
1	-41	2412	37.395751448787
1	-41	2412	37.400954919955
1	-41	2412	37.406111848268
1	-41	2412	37.411162597131
1	-41	2412	37.416327801363
1	-41	2412	37.421456034073
1	-41	2412	37.426600773548
1	-41	2412	37.431820162452
1	-41	2412	37.436996665843
1	-41	2412	37.441736409873
1	-41	2412	37.446819893588
1	-41	2412	37.451991868523
1	-41	2412	37.45712873342
1	-41	2412	37.46224974181
1	-41	2412	37.467436513039
1	-41	2412	37.472589726846
1	-42	2412	37.477774441595
1	-41	2412	37.482998580202
1	-41	2412	37.488203085407
1	-41	2412	37.49336151182
1	-41	2412	37.498536815718
1	-41	2412	37.503713791247
1	-41	2412	37.508759725361
1	-41	2412	37.513971030552
1	-41	2412	37.519143861166
1	-41	2412	37.524320971622
1	-41	2412	37.529508244147
1	-41	2412	37.534688560768
1	-41	2412	37.539754950778
1	-41	2412	37.544962560093
1	-41	2412	37.550167581556
1	-41	2412	37.555324267446
1	-41	2412	37.560497240698
1	-41	2412	37.565717172113
1	-41	2412	37.570893642306
1	-41	2412	37.576060534879
1	-41	2412	37.581247572854
1	-41	2412	37.5864548119
1	-41	2412	37.591672617778
1	-41	2412	37.596713677645
1	-41	2412	37.601908085208
1	-41	2412	37.607122516636
1	-41	2412	37.612344100736
1	-41	2412	37.617497977779
1	-41	2412	37.622673587307
1	-41	2412	37.627878830495
1	-41	2412	37.633059606316
1	-41	2412	37.638233834031
1	-41	2412	37.643323221266
1	-41	2412	37.648374638623
1	-41	2412	37.653173792378
1	-41	2412	37.658349897601
1	-42	2412	37.663563706067
1	-41	2412	37.668744888678
1	-41	2412	37.673936796501
1	-41	2412	37.679143432896
1	-41	2412	37.684360851937
1	-41	2412	37.689523437531
1	-41	2412	37.694663267863
1	-41	2412	37.69984220872
1	-41	2412	37.705057131675
1	-41	2412	37.710278939891
1	-41	2412	37.715404564746
1	-41	2412	37.72055497232
1	-41	2412	37.725685653759
1	-41	2412	37.730906149014
1	-41	2412	37.736126956206
1	-41	2412	37.741296147636
1	-41	2412	37.746447228831
1	-41	2412	37.751666237276
1	-41	2412	37.756722985641
1	-41	2412	37.761910821214
1	-41	2412	37.767116996713
1	-41	2412	37.772290266056
1	-41	2412	37.777496385826
1	-41	2412	37.782656272569
1	-41	2412	37.787832401032
1	-41	2412	37.7930055832
1	-41	2412	37.798224383763
1	-41	2412	37.803380261563
1	-41	2412	37.808593659347
1	-41	2412	37.813765948441
1	-41	2412	37.818970071923
1	-41	2412	37.824129680394
1	-41	2412	37.82935171564
1	-41	2412	37.834304001335
1	-41	2412	37.839500812052
1	-41	2412	37.844704527359
1	-41	2412	37.849865897828
1	-41	2412	37.855064342242
1	-41	2412	37.860228942923
1	-41	2412	37.865415224891
1	-41	2412	37.870475983584
1	-41	2412	37.875687834339
1	-41	2412	37.880777581194
1	-41	2412	37.885817017112
1	-41	2412	37.891031724079
1	-41	2412	37.896216055464
1	-41	2412	37.901391114542
1	-41	2412	37.906575525766
1	-41	2412	37.911751859598
1	-41	2412	37.916956085783
1	-41	2412	37.922123158483
1	-41	2412	37.927336479208
1	-41	2412	37.932492752429
1	-41	2412	37.937684260261
1	-41	2412	37.942862557453
1	-41	2412	37.948044752778
1	-41	2412	37.953215553385
1	-41	2412	37.958395669686
1	-41	2412	37.963608796541
1	-41	2412	37.968799740488
1	-41	2412	37.973950167885
1	-41	2412	37.979168538401
1	-41	2412	37.984383624036
1	-41	2412	37.989520799245
1	-41	2412	37.994711302522
1	-41	2412	37.999889631666
1	-41	2412	38.005106047242
1	-41	2412	38.010256467082
1	-41	2412	38.015441614569
1	-41	2412	38.020652426279
1	-41	2412	38.025798943648
1	-41	2412	38.030976838687
1	-41	2412	38.036176994922
1	-41	2412	38.041381593338
1	-41	2412	38.046508116346
1	-41	2412	38.051679006456
1	-41	2412	38.056853034769
1	-41	2412	38.062032606511
1	-41	2412	38.067204740783
1	-41	2412	38.072400983009
1	-41	2412	38.077573292478
1	-41	2412	38.082732627574
1	-41	2412	38.087941816365
1	-41	2412	38.093156947434
1	-41	2412	38.098330235893
1	-41	2412	38.103549792047
1	-41	2412	38.108740348184
1	-41	2412	38.113953502472
1	-41	2412	38.119137310228
1	-41	2412	38.124314874758
1	-41	2412	38.129534067338
1	-41	2412	38.134681707104
1	-41	2412	38.139853442179
1	-41	2412	38.145054726698
1	-41	2412	38.150274296447
1	-41	2412	38.1552600527
1	-41	2412	38.16045559228
1	-41	2412	38.165625698828
1	-41	2412	38.17082296319
1	-41	2412	38.175986783739
1	-41	2412	38.181176272651
1	-41	2412	38.186379430224
1	-41	2412	38.191560806127
1	-41	2412	38.196717882938
1	-41	2412	38.201892678449
1	-41	2412	38.207108411971
1	-41	2412	38.212315725023
1	-41	2412	38.217439118095
1	-41	2412	38.222651826003
1	-41	2412	38.227846066239
1	-41	2412	38.233050709105
1	-41	2412	38.238150136266
1	-41	2412	38.24335959304
1	-41	2412	38.248564098222
1	-41	2412	38.253688711845
1	-41	2412	38.2582531378
1	-41	2412	38.215422362241
1	-41	2412	38.19613865002
1	-41	2412	38.201332619853
1	-41	2412	38.206542602705
1	-41	2412	38.211747024907
1	-41	2412	38.216860419577
1	-41	2412	38.222035296671
1	-41	2412	38.227243249115
1	-41	2412	38.232445782045
1	-42	2412	38.237592377798
1	-42	2412	38.242605833699
1	-41	2412	38.247806336069
1	-41	2412	38.253008840117
1	-41	2412	38.25817423454
1	-41	2412	38.263370851293
1	-41	2412	38.268580516446
1	-41	2412	38.273739839614
1	-42	2412	38.278893531017
1	-42	2412	38.284091970774
1	-41	2412	38.289212148335
1	-41	2412	38.294419749368
1	-41	2412	38.299545980242
1	-41	2412	38.304749857521
1	-41	2412	38.309896246147
1	-42	2412	38.315061336237
1	-41	2412	38.320267016682
1	-41	2412	38.325472481788
1	-41	2412	38.330590568784
1	-41	2412	38.335766356118
1	-41	2412	38.34097024093
1	-41	2412	38.346177728356
1	-41	2412	38.351379489844
1	-41	2412	38.356557199066
1	-41	2412	38.361659300448
1	-41	2412	38.3668520777
1	-41	2412	38.371869885278
1	-41	2412	38.377062685082
1	-41	2412	38.382260587701
1	-42	2412	38.387395854471
1	-41	2412	38.39256360043
1	-42	2412	38.397725216084
1	-41	2412	38.402887330547
1	-41	2412	38.408093320825
1	-41	2412	38.413243172695
1	-41	2412	38.418444801931
1	-41	2412	38.42360669485
1	-42	2412	38.428748113781
1	-41	2412	38.433921224275
1	-42	2412	38.43912981796
1	-42	2412	38.444265948333
1	-41	2412	38.449432860658
1	-41	2412	38.454624169165
1	-41	2412	38.459764795207
1	-41	2412	38.464926374765
1	-41	2412	38.469971937886
1	-41	2412	38.4751758675
1	-41	2412	38.480384430832
1	-42	2412	38.485537287024
1	-42	2412	38.490678609791
1	-41	2412	38.495870984913
1	-41	2412	38.501028153277
1	-41	2412	38.506191693279
1	-42	2412	38.511347919521
1	-41	2412	38.51655435506
1	-41	2412	38.521738580915
1	-42	2412	38.526939628891
1	-41	2412	38.532080628273
1	-42	2412	38.537248108429
1	-41	2412	38.542435181836
1	-42	2412	38.54759584772
1	-41	2412	38.552747733808
1	-41	2412	38.557947062387
1	-41	2412	38.563103694463
1	-41	2412	38.568309872966
1	-41	2412	38.573463330793
1	-41	2412	38.57864947553
1	-41	2412	38.583840553434
1	-41	2412	38.588987105172
1	-41	2412	38.594153416465
1	-42	2412	38.599337841073
1	-41	2412	38.604537758868
1	-41	2412	38.60965804567
1	-41	2412	38.614010789935
1	-41	2412	38.619194989396
1	-41	2412	38.624395224958
1	-41	2412	38.62960746227
1	-41	2412	38.634747375153
1	-41	2412	38.639945587231
1	-41	2412	38.645136713821
1	-41	2412	38.650259865846
1	-41	2412	38.655457850136
1	-41	2412	38.660649282067
1	-41	2412	38.665810477157
1	-41	2412	38.671017254523
1	-41	2412	38.676218697825
1	-42	2412	38.681336760357
1	-41	2412	38.686476766363
1	-42	2412	38.691646818513
1	-42	2412	38.696803819131
1	-41	2412	38.702007460913
1	-41	2412	38.707145765361
1	-41	2412	38.712328425383
1	-41	2412	38.717480221391
1	-41	2412	38.722685513359
1	-42	2412	38.727888977946
1	-41	2412	38.733098180163
1	-41	2412	38.738255468753
1	-41	2412	38.743451586981
1	-41	2412	38.748604026905
1	-41	2412	38.753769177769
1	-41	2412	38.758965946801
1	-41	2412	38.764135873671
1	-41	2412	38.769289891576
1	-42	2412	38.774472800882
1	-41	2412	38.7796593479
1	-41	2412	38.78479875303
1	-41	2412	38.789997803416
1	-41	2412	38.79517116459
1	-41	2412	38.800377939427
1	-41	2412	38.805581074506
1	-41	2412	38.81072505899
1	-41	2412	38.815892386505
1	-41	2412	38.821091040083
1	-42	2412	38.82629769432
1	-41	2412	38.831407636824
1	-41	2412	38.836194492172
1	-41	2412	38.841166034988
1	-41	2412	38.84611728135
1	-42	2412	38.851323697122
1	-41	2412	38.856528133287
1	-41	2412	38.861725300436
1	-41	2412	38.866861763793
1	-41	2412	38.872053683849
1	-42	2412	38.877130359667
1	-41	2412	38.882317462387
1	-41	2412	38.887505420973
1	-41	2412	38.892661646199
1	-41	2412	38.897869693262
1	-41	2412	38.903075807936
1	-41	2412	38.908280038491
1	-41	2412	38.913486748098
1	-41	2412	38.918644937104
1	-41	2412	38.923790634979
1	-42	2412	38.928938748608
1	-41	2412	38.934145891904
1	-41	2412	38.939333192315
1	-41	2412	38.944533666796
1	-41	2412	38.949587230599
1	-41	2412	38.954785677339
1	-41	2412	38.959930347622
1	-41	2412	38.965133012542
1	-41	2412	38.970283901352
1	-41	2412	38.975419923876
1	-41	2412	38.980605317061
1	-42	2412	38.985805174693
1	-42	2412	38.990999065165
1	-41	2412	38.996148956048
1	-41	2412	39.001319352157
1	-41	2412	39.006475760152
1	-41	2412	39.011649485407
1	-41	2412	39.016778544081
1	-42	2412	39.021978606919
1	-41	2412	39.027173926629
1	-41	2412	39.032346452639
1	-41	2412	39.037477584034
1	-42	2412	39.042657768344
1	-41	2412	39.047855931457
1	-41	2412	39.052981740935
1	-41	2412	39.058185064903
1	-42	2412	39.063220684535
1	-42	2412	39.068364432281
1	-42	2412	39.073566529237
1	-42	2412	39.078720697582
1	-41	2412	39.083876653513
1	-41	2412	39.089073205713
1	-41	2412	39.094236930612
1	-41	2412	39.099372446086
1	-41	2412	39.104577488515
1	-42	2412	39.109710618738
1	-42	2412	39.114880718867
1	-42	2412	39.12003619988
1	-42	2412	39.125221567891
1	-41	2412	39.130424805445
1	-41	2412	39.13562318943
1	-41	2412	39.140446975898
1	-41	2412	39.145653156188
1	-42	2412	39.150861535318
1	-42	2412	39.155989040891
1	-42	2412	39.161172009709
1	-41	2412	39.166347550187
1	-42	2412	39.171514129604
1	-41	2412	39.176712759634
1	-42	2412	39.181892312916
1	-41	2412	39.187083045352
1	-42	2412	39.192218600531
1	-41	2412	39.197413177476
1	-41	2412	39.202617509591
1	-41	2412	39.20777780977
1	-42	2412	39.212970336298
1	-42	2412	39.21813344109
1	-41	2412	39.22328178871
1	-41	2412	39.228485846709
1	-41	2412	39.233642928148
1	-41	2412	39.238839374325
1	-41	2412	39.244035352359
1	-42	2412	39.249217462235
1	-41	2412	39.254369527696
1	-41	2412	39.25957546842
1	-42	2412	39.264776046224
1	-41	2412	39.269932423889
1	-42	2412	39.275088322761
1	-41	2412	39.28028897121
1	-41	2412	39.285492517571
1	-41	2412	39.290535821045
1	-42	2412	39.295735541715
1	-41	2412	39.300935982771
1	-41	2412	39.3060249909
1	-42	2412	39.311206653923
1	-41	2412	39.300809797014
1	-78	2412	39.304308391822
1	-41	2412	39.309540558622
1	-42	2412	39.295094748599
1	-42	2412	39.300315688708
1	-42	2412	39.304271905296
1	-42	2412	39.309170246514
1	-76	2412	39.305455434584
1	-42	2412	39.310684230022
1	-42	2412	39.303795561962
1	-42	2412	39.309011115753
1	-43	2412	39.29048494914
1	-42	2412	39.295666237714
1	-42	2412	39.300855999583
1	-42	2412	39.306043466771
1	-42	2412	39.311177147005
1	-42	2412	39.316370344756
1	-42	2412	39.321132063107
1	-43	2412	39.326314682871
1	-43	2412	39.331261795636
1	-43	2412	39.336444387059
1	-43	2412	39.341543973492
1	-42	2412	39.346719731044
1	-42	2412	39.351677866996
1	-42	2412	39.356832916279
1	-43	2412	39.361826194183
1	-43	2412	39.367020896475
1	-43	2412	39.372199989055
1	-43	2412	39.377334312707
1	-43	2412	39.382522310492
1	-43	2412	39.387654440216
1	-43	2412	39.392745436073
1	-43	2412	39.397870406119
1	-43	2412	39.403016535637
1	-43	2412	39.408154409667
1	-43	2412	39.413283975539
1	-44	2412	39.41847523909
1	-43	2412	39.423651516428
1	-43	2412	39.42878524689
1	-43	2412	39.433921122235
1	-42	2412	39.439112036335
1	-43	2412	39.444260093573
1	-43	2412	39.449446695209
1	-44	2412	39.454535927645
1	-44	2412	39.459701938652
1	-43	2412	39.464868021153
1	-42	2412	39.469665826036
1	-43	2412	39.474834038636
1	-43	2412	39.479965851537
1	-43	2412	39.485156734815
1	-43	2412	39.490241478913
1	-43	2412	39.495390508698
1	-44	2412	39.500565918565
1	-43	2412	39.505727201715
1	-42	2412	39.510911398711
1	-43	2412	39.516034384428
1	-43	2412	39.521175064524
1	-43	2412	39.526296087611
1	-43	2412	39.531476643567
1	-43	2412	39.536664331188
1	-43	2412	39.54169942592
1	-43	2412	39.54688337176
1	-43	2412	39.551980948606
1	-43	2412	39.55715941834
1	-43	2412	39.562318372495
1	-42	2412	39.567509919444
1	-43	2412	39.572664939718
1	-43	2412	39.577806598919
1	-43	2412	39.582957626746
1	-43	2412	39.588084243701
1	-43	2412	39.593225950323
1	-43	2412	39.598404102308
1	-42	2412	39.603553759661
1	-43	2412	39.608659330594
1	-43	2412	39.613718010642
1	-44	2412	39.618905347899
1	-43	2412	39.624037337379
1	-42	2412	39.629148522355
1	-43	2412	39.634293885932
1	-42	2412	39.63947060154
1	-42	2412	39.644620288184
1	-43	2412	39.649773580825
1	-43	2412	39.654871325573
1	-44	2412	39.659952378489
1	-42	2412	39.66514489337
1	-43	2412	39.670315102552
1	-43	2412	39.67548942391
1	-42	2412	39.680620085937
1	-43	2412	39.685249486821
1	-44	2412	39.690101093139
1	-43	2412	39.695274797894
1	-43	2412	39.700387361149
1	-43	2412	39.705455126161
1	-43	2412	39.710554328068
1	-43	2412	39.715690768067
1	-43	2412	39.720879484855
1	-43	2412	39.726048111521
1	-43	2412	39.730994032158
1	-44	2412	39.736167870274
1	-43	2412	39.741261978105
1	-43	2412	39.74598893665
1	-44	2412	39.751152491532
1	-43	2412	39.756315868716
1	-43	2412	39.761507897811
1	-42	2412	39.76662295085
1	-42	2412	39.771752857099
1	-42	2412	39.776936409479
1	-43	2412	39.782060601011
1	-43	2412	39.787204053384
1	-43	2412	39.792343622701
1	-44	2412	39.797528866327
1	-43	2412	39.80267417551
1	-43	2412	39.807860420041
1	-43	2412	39.812969099232
1	-43	2412	39.818108507905
1	-43	2412	39.823263195145
1	-43	2412	39.828400736406
1	-43	2412	39.833585793888
1	-43	2412	39.83856213166
1	-43	2412	39.843735352602
1	-43	2412	39.848912353784
1	-43	2412	39.854093737602
1	-44	2412	39.859182542045
1	-44	2412	39.864321741441
1	-43	2412	39.869508248778
1	-43	2412	39.8746972395
1	-43	2412	39.879831188394
1	-43	2412	39.884937839048
1	-43	2412	39.890124342854
1	-43	2412	39.895240043053
1	-43	2412	39.90038628596
1	-43	2412	39.905523321039
1	-43	2412	39.910662077009
1	-44	2412	39.91579904376
1	-43	2412	39.920933969831
1	-43	2412	39.92612243895
1	-43	2412	39.931281786545
1	-43	2412	39.936399005174
1	-43	2412	39.941547600711
1	-44	2412	39.946679752232
1	-43	2412	39.951831144374
1	-43	2412	39.957008963656
1	-43	2412	39.962120681687
1	-43	2412	39.967256463357
1	-43	2412	39.972400396935
1	-43	2412	39.977548517365
1	-43	2412	39.982740512647
1	-43	2412	39.987876266489
1	-43	2412	39.993059219592
1	-43	2412	39.998191241812
1	-43	2412	40.003375550684
1	-43	2412	40.008560239526
1	-43	2412	40.013747520556
1	-43	2412	40.0188434708
1	-44	2412	40.024037938676
1	-44	2412	40.029167005887
1	-43	2412	40.034288844231
1	-43	2412	40.039472218847
1	-43	2412	40.044599674393
1	-43	2412	40.049744201718
1	-43	2412	40.05493600207
1	-43	2412	40.060117464343
1	-43	2412	40.065234119499
1	-43	2412	40.07033583387
1	-43	2412	40.075523503053
1	-44	2412	40.080682800386
1	-44	2412	40.085807067294
1	-43	2412	40.09090983993
1	-43	2412	40.09609014772
1	-43	2412	40.101086590935
1	-43	2412	40.1062828021
1	-44	2412	40.111452335869
1	-43	2412	40.116548259589
1	-43	2412	40.121699434978
1	-44	2412	40.126881785503
1	-43	2412	40.132026803335
1	-43	2412	40.13717612585
1	-43	2412	40.142197573425
1	-43	2412	40.147350954182
1	-44	2412	40.152518379067
1	-44	2412	40.157699500253
1	-43	2412	40.162831453676
1	-43	2412	40.16795141224
1	-43	2412	40.172969485937
1	-44	2412	40.178164210735
1	-43	2412	40.183353565173
1	-43	2412	40.188472316432
1	-44	2412	40.193640715881
1	-43	2412	40.198815351506
1	-44	2412	40.203996932784
1	-43	2412	40.209100953118
1	-43	2412	40.214255148156
1	-43	2412	40.21940355374
1	-43	2412	40.224587149557
1	-43	2412	40.229771026559
1	-43	2412	40.234953314682
1	-43	2412	40.240045851284
1	-43	2412	40.24523657704
1	-44	2412	40.250408624339
1	-43	2412	40.255600419852
1	-43	2412	40.260648405053
1	-43	2412	40.265782072968
1	-43	2412	40.270920815895
1	-43	2412	40.275601690549
1	-44	2412	40.280779677524
1	-44	2412	40.285946203874
1	-43	2412	40.291126572106
1	-44	2412	40.296263839944
1	-43	2412	40.301385076338
1	-44	2412	40.306524756066
1	-43	2412	40.311700710903
1	-44	2412	40.316882466097
1	-43	2412	40.322073822735
1	-43	2412	40.327202698049
1	-43	2412	40.332392081636
1	-43	2412	40.337517092961
1	-43	2412	40.342700701027
1	-43	2412	40.347865939811
1	-44	2412	40.353056243549
1	-43	2412	40.358191369662
1	-43	2412	40.36334380201
1	-43	2412	40.368535149051
1	-43	2412	40.373699039247
1	-44	2412	40.37887279335
1	-44	2412	40.384030848194
1	-44	2412	40.389212364776
1	-43	2412	40.394368539393
1	-43	2412	40.399517124
1	-44	2412	40.404700190299
1	-44	2412	40.409877245001
1	-43	2412	40.415019907583
1	-43	2412	40.389265483307
1	-44	2412	40.39448151562
1	-44	2412	40.389966421696
1	-44	2412	40.387670854994
1	-44	2412	40.392674030086
1	-43	2412	40.382112090591
1	-42	2412	40.382422671161
1	-42	2412	40.387590755447
1	-44	2412	40.392756942261
1	-44	2412	40.397928221579
1	-43	2412	40.402967247024
1	-43	2412	40.408145811632
1	-42	2412	40.41331776764
1	-42	2412	40.418420672075
1	-43	2412	40.423409488554
1	-43	2412	40.428569736668
1	-43	2412	40.43358566568
1	-43	2412	40.438760499384
1	-43	2412	40.443820902929
1	-42	2412	40.448992128645
1	-42	2412	40.454085265287
1	-42	2412	40.459260697638
1	-42	2412	40.464196777962
1	-44	2412	40.469370056814
1	-43	2412	40.474321941933
1	-43	2412	40.479488347708
1	-43	2412	40.484712802205
1	-43	2412	40.489884244819
1	-42	2412	40.494947056743
1	-42	2412	40.500062022756
1	-42	2412	40.505225200641
1	-42	2412	40.510363972941
1	-42	2412	40.515544421816
1	-42	2412	40.520670182548
1	-43	2412	40.525800940044
1	-42	2412	40.530949096063
1	-43	2412	40.536135038185
1	-43	2412	40.541225753366
1	-41	2412	40.546404782943
1	-42	2412	40.551588164742
1	-42	2412	40.556770103397
1	-42	2412	40.561893638126
1	-41	2412	40.567037890991
1	-43	2412	40.572183742616
1	-43	2412	40.577329870826
1	-43	2412	40.582489810492
1	-43	2412	40.587665246128
1	-42	2412	40.59278325064
1	-42	2412	40.597941126399
1	-42	2412	40.603120968721
1	-42	2412	40.60820812705
1	-42	2412	40.613366734532
1	-43	2412	40.61853815012
1	-43	2412	40.623705468815
1	-43	2412	40.628817800573
1	-43	2412	40.633944818776
1	-42	2412	40.639111444378
1	-42	2412	40.644244108317
1	-42	2412	40.649379900231
1	-42	2412	40.654512144106
1	-42	2412	40.659688910129
1	-43	2412	40.664817322879
1	-43	2412	40.669945549816
1	-42	2412	40.675048092881
1	-43	2412	40.680123769665
1	-43	2412	40.685306008324
1	-42	2412	40.690479555011
1	-42	2412	40.695622212239
1	-42	2412	40.700800763572
1	-42	2412	40.705982050394
1	-43	2412	40.711002643056
1	-43	2412	40.716156968995
1	-43	2412	40.721336488591
1	-43	2412	40.726516805055
1	-42	2412	40.73169899107
1	-42	2412	40.736862771805
1	-41	2412	40.741992970187
1	-41	2412	40.747120377724
1	-42	2412	40.752249949196
1	-42	2412	40.757404116982
1	-42	2412	40.762569961083
1	-42	2412	40.767730670769
1	-43	2412	40.772846475894
1	-42	2412	40.778014389943
1	-43	2412	40.783141071414
1	-42	2412	40.78832550224
1	-42	2412	40.793459079824
1	-42	2412	40.798639119189
1	-42	2412	40.803811414436
1	-42	2412	40.808974069742
1	-42	2412	40.814108712684
1	-42	2412	40.819251870419
1	-43	2412	40.824308864636
1	-42	2412	40.829369340786
1	-42	2412	40.834545665245
1	-43	2412	40.839667238458
1	-42	2412	40.844791030401
1	-42	2412	40.849950635887
1	-42	2412	40.855133981072
1	-42	2412	40.860265776828
1	-42	2412	40.865413114594
1	-42	2412	40.870579074271
1	-42	2412	40.875712523208
1	-42	2412	40.88087945727
1	-43	2412	40.886053800252
1	-42	2412	40.891194187211
1	-42	2412	40.896350745097
1	-42	2412	40.901481076549
1	-42	2412	40.906617888539
1	-41	2412	40.911772876734
1	-42	2412	40.916902346573
1	-42	2412	40.922064512887
1	-42	2412	40.927225680251
1	-42	2412	40.932407707058
1	-42	2412	40.937550764293
1	-41	2412	40.942723868724
1	-42	2412	40.9478422846
1	-42	2412	40.952998244212
1	-42	2412	40.958127377016
1	-42	2412	40.963280560504
1	-41	2412	40.968414870089
1	-42	2412	40.973573494369
1	-42	2412	40.978544496853
1	-42	2412	40.983716765006
1	-42	2412	40.988877039881
1	-42	2412	40.993991812711
1	-42	2412	40.999170585906
1	-42	2412	41.004297374089
1	-41	2412	41.009039103089
1	-42	2412	41.014197242586
1	-42	2412	41.019364817916
1	-42	2412	41.024365757524
1	-42	2412	41.029528586765
1	-42	2412	41.034685322699
1	-42	2412	41.039826034665
1	-42	2412	41.044998461345
1	-42	2412	41.050177349962
1	-41	2412	41.055295905702
1	-42	2412	41.060462240464
1	-42	2412	41.065643479853
1	-42	2412	41.070675200518
1	-42	2412	41.075855970983
1	-42	2412	41.080999183648
1	-42	2412	41.086154315584
1	-42	2412	41.091304631835
1	-42	2412	41.096483716504
1	-42	2412	41.101650571571
1	-42	2412	41.106654843688
1	-42	2412	41.111817613789
1	-42	2412	41.116951396307
1	-42	2412	41.122108394048
1	-41	2412	41.127266964686
1	-42	2412	41.132443812989
1	-42	2412	41.137560519257
1	-42	2412	41.142725252565
1	-42	2412	41.147832972275
1	-42	2412	41.153010599038
1	-41	2412	41.158189237541
1	-41	2412	41.163318635563
1	-42	2412	41.16848716638
1	-42	2412	41.173623885235
1	-42	2412	41.178794277319
1	-42	2412	41.183946632471
1	-42	2412	41.189075523378
1	-42	2412	41.194228804252
1	-42	2412	41.199400184201
1	-42	2412	41.204569166989
1	-42	2412	41.209683532598
1	-42	2412	41.214847866973
1	-41	2412	41.220025817324
1	-42	2412	41.225154609659
1	-42	2412	41.230281354724
1	-42	2412	41.235447501153
1	-42	2412	41.240579355109
1	-42	2412	41.245734182267
1	-42	2412	41.25086473592
1	-42	2412	41.256034711156
1	-41	2412	41.261112872156
1	-42	2412	41.266290602283
1	-42	2412	41.271324616219
1	-42	2412	41.27650192675
1	-41	2412	41.281644034749
1	-41	2412	41.286791547435
1	-41	2412	41.291953212836
1	-42	2412	41.297077071102
1	-41	2412	41.302250331282
1	-42	2412	41.307422069194
1	-41	2412	41.312591507628
1	-42	2412	41.317749221155
1	-41	2412	41.322864597761
1	-41	2412	41.327972532562
1	-42	2412	41.333148032443
1	-41	2412	41.338314497291
1	-42	2412	41.34349114715
1	-42	2412	41.348563978958
1	-42	2412	41.353728241005
1	-42	2412	41.358884186569
1	-42	2412	41.364011283919
1	-41	2412	41.369177648749
1	-41	2412	41.374301627332
1	-42	2412	41.37946285971
1	-42	2412	41.384616547827
1	-41	2412	41.389764037593
1	-42	2412	41.394891734721
1	-42	2412	41.400057483004
1	-42	2412	41.40519487634
1	-42	2412	41.410354400118
1	-42	2412	41.415533052072
1	-42	2412	41.420704157656
1	-41	2412	41.425792124403
1	-42	2412	41.43094760049
1	-41	2412	41.436074750403
1	-42	2412	41.441242221682
1	-42	2412	41.446369624138
1	-42	2412	41.45154857851
1	-42	2412	41.456723409181
1	-42	2412	41.461850727853
1	-42	2412	41.466978118548
1	-42	2412	41.472129384814
1	-42	2412	41.477272152399
1	-42	2412	41.48244519932
1	-42	2412	41.487623840601
1	-42	2412	41.492794610773
1	-42	2412	41.497911170941
1	-41	2412	41.503072165841
1	-41	2412	41.508235165725
1	-42	2412	41.51337988218
1	-42	2412	41.518520668772
1	-41	2412	41.523698996845
1	-42	2412	41.528764893937
1	-42	2412	41.533887529449
1	-42	2412	41.539058126568
1	-41	2412	41.544236667767
1	-41	2412	41.549339483389
1	-42	2412	41.554490377489
1	-42	2412	41.559614215948
1	-42	2412	41.564769221522
1	-42	2412	41.569893311074
1	-42	2412	41.575059359846
1	-42	2412	41.580210067289
1	-42	2412	41.585364709128
1	-41	2412	41.590459025418
1	-41	2412	41.595623565395
1	-41	2412	41.600797674691
1	-41	2412	41.605943244735
1	-42	2412	41.610993939229
1	-42	2412	41.616173131646
1	-41	2412	41.621349227781
1	-42	2412	41.626476428218
1	-41	2412	41.631544542568
1	-42	2412	41.636707255471
1	-41	2412	41.6418378541
1	-41	2412	41.647018364898
1	-42	2412	41.611738469772
1	-42	2412	41.616905960778
1	-42	2412	41.622061603312
1	-42	2412	41.627160004263
1	-42	2412	41.632284061743
1	-42	2412	41.637414186522
1	-42	2412	41.642521552993
1	-41	2412	41.647704585977
1	-41	2412	41.652806364096
1	-41	2412	41.657932250585
1	-41	2412	41.663119075604
1	-42	2412	41.668248715822
1	-42	2412	41.673379578293
1	-42	2412	41.678505298254
1	-42	2412	41.6836247259
1	-41	2412	41.688760142577
1	-41	2412	41.693885718676
1	-42	2412	41.699019407104
1	-41	2412	41.704145601432
1	-42	2412	41.709277926172
1	-42	2412	41.714434294258
1	-42	2412	41.719605993008
1	-42	2412	41.724725076106
1	-42	2412	41.729823493497
1	-41	2412	41.734955727147
1	-41	2412	41.740043833464
1	-41	2412	41.745209865223
1	-41	2412	41.750384865155
1	-41	2412	41.755344502449
1	-41	2412	41.760508042999
1	-41	2412	41.765678253994
1	-42	2412	41.770829987947
1	-41	2412	41.775931130272
1	-41	2412	41.781031242504
1	-41	2412	41.786182681987
1	-41	2412	41.791310923014
1	-42	2412	41.796478477281
1	-41	2412	41.801559937573
1	-42	2412	41.806660405122
1	-41	2412	41.811778578277
1	-41	2412	41.816945712158
1	-41	2412	41.82207817026
1	-41	2412	41.827244159454
1	-41	2412	41.832415887702
1	-42	2412	41.837525278245
1	-42	2412	41.842634791555
1	-41	2412	41.847806760829
1	-41	2412	41.852914169826
1	-42	2412	41.858019448289
1	-41	2412	41.863159013152
1	-41	2412	41.868287545675
1	-42	2412	41.873451479074
1	-41	2412	41.878576444302
1	-42	2412	41.883728430121
1	-42	2412	41.888826387863
1	-41	2412	41.893981779845
1	-42	2412	41.899103060223
1	-42	2412	41.904168869783
1	-41	2412	41.909262279062
1	-42	2412	41.914232469818
1	-41	2412	41.919387648302
1	-42	2412	41.924556919137
1	-41	2412	41.92967878001
1	-41	2412	41.934828795141
1	-41	2412	41.939773537878
1	-42	2412	41.944933349144
1	-42	2412	41.950098441354
1	-42	2412	41.955267818709
1	-42	2412	41.960362442933
1	-41	2412	41.965477146309
1	-42	2412	41.970596492012
1	-41	2412	41.975761618065
1	-41	2412	41.980868295299
1	-42	2412	41.986005101102
1	-41	2412	41.991120436598
1	-41	2412	41.996283570751
1	-42	2412	42.001434855781
1	-41	2412	42.006508779556
1	-41	2412	42.01166579097
1	-41	2412	42.016620530566
1	-41	2412	42.021771634372
1	-42	2412	42.026892259113
1	-41	2412	42.031997912525
1	-41	2412	42.037166980707
1	-41	2412	42.042288515007
1	-41	2412	42.047452906978
1	-41	2412	42.052611541323
1	-41	2412	42.057686987013
1	-41	2412	42.062847725186
1	-41	2412	42.068008599567
1	-42	2412	42.073139017158
1	-42	2412	42.078303846791
1	-41	2412	42.083450643054
1	-41	2412	42.088617061961
1	-42	2412	42.093743896968
1	-41	2412	42.098866276412
1	-41	2412	42.104015024504
1	-41	2412	42.109142668028
1	-42	2412	42.114275236327
1	-41	2412	42.119430337162
1	-42	2412	42.124546192141
1	-42	2412	42.129701611276
1	-41	2412	42.134453193737
1	-42	2412	42.139600186064
1	-42	2412	42.144746045846
1	-42	2412	42.149887924217
1	-41	2412	42.154981610551
1	-42	2412	42.160159625538
1	-42	2412	42.165330288281
1	-42	2412	42.170478871993
1	-42	2412	42.175600037879
1	-41	2412	42.180717266471
1	-42	2412	42.185885092002
1	-41	2412	42.180048686031
1	-41	2412	42.185217889602
1	-42	2412	42.19035149686
1	-42	2412	42.195451290008
1	-42	2412	42.200579980416
1	-42	2412	42.205692642419
1	-42	2412	42.21085512435
1	-41	2412	42.215930597096
1	-42	2412	42.221049342802
1	-41	2412	42.226162193316
1	-42	2412	42.231289910667
1	-42	2412	42.236399791482
1	-41	2412	42.24154092466
1	-42	2412	42.246650531182
1	-41	2412	42.251781512623
1	-41	2412	42.256936255589
1	-41	2412	42.262040324094
1	-41	2412	42.267174763237
1	-42	2412	42.272326521241
1	-42	2412	42.277445410433
1	-42	2412	42.282600503372
1	-42	2412	42.287747585331
1	-42	2412	42.29291003979
1	-41	2412	42.298005375339
1	-42	2412	42.303144758912
1	-41	2412	42.308195301486
1	-42	2412	42.313356272567
1	-41	2412	42.318511610811
1	-42	2412	42.323677992781
1	-42	2412	42.328843772529
1	-42	2412	42.333950534369
1	-41	2412	42.339117008835
1	-42	2412	42.344286483086
1	-42	2412	42.349406720414
1	-41	2412	42.354399443867
1	-42	2412	42.359554155366
1	-42	2412	42.364711123301
1	-42	2412	42.369856779371
1	-42	2412	42.37498147161
1	-42	2412	42.38010555107
1	-41	2412	42.385259452841
1	-42	2412	42.390380135508
1	-41	2412	42.395534624459
1	-41	2412	42.400699487176
1	-41	2412	42.405852871416
1	-42	2412	42.410954663711
1	-42	2412	42.416099931041
1	-41	2412	42.421262951256
1	-42	2412	42.426382430669
1	-41	2412	42.431541742313
1	-42	2412	42.436651025455
1	-42	2412	42.441804023614
1	-42	2412	42.446950361631
1	-42	2412	42.452063272197
1	-42	2412	42.457224641117
1	-42	2412	42.462338183376
1	-42	2412	42.467487870889
1	-41	2412	42.47266383433
1	-41	2412	42.477810608491
1	-42	2412	42.482912133839
1	-42	2412	42.488058482117
1	-42	2412	42.493168926186
1	-42	2412	42.498343078287
1	-42	2412	42.50346739426
1	-42	2412	42.508602315571
1	-42	2412	42.513736039907
1	-42	2412	42.518895107095
1	-41	2412	42.524033088515
1	-42	2412	42.529094862165
1	-42	2412	42.53419207983
1	-42	2412	42.539357000238
1	-42	2412	42.544472620827
1	-42	2412	42.549626744349
1	-42	2412	42.554798145466
1	-42	2412	42.559943229182
1	-41	2412	42.565059270737
1	-42	2412	42.570222619827
1	-42	2412	42.57533530232
1	-42	2412	42.580484756832
1	-42	2412	42.58565427012
1	-42	2412	42.590817105353
1	-42	2412	42.595916782065
1	-42	2412	42.601074933201
1	-42	2412	42.60622389642
1	-42	2412	42.611394369338
1	-41	2412	42.616487689395
1	-41	2412	42.621643135358
1	-41	2412	42.626658810625
1	-42	2412	42.631810196605
1	-42	2412	42.636981078905
1	-41	2412	42.64168796293
1	-42	2412	42.646701605415
1	-42	2412	42.651857954379
1	-42	2412	42.657022605027
1	-42	2412	42.662121120982
1	-42	2412	42.667181603906
1	-42	2412	42.672344840662
1	-42	2412	42.677495993412
1	-42	2412	42.682603613232
1	-42	2412	42.687720543612
1	-41	2412	42.69287113776
1	-42	2412	42.697982028738
1	-41	2412	42.703141064525
1	-42	2412	42.708250507511
1	-42	2412	42.713407411798
1	-42	2412	42.718526786401
1	-42	2412	42.723689788401
1	-42	2412	42.728723545357
1	-42	2412	42.733916476825
1	-42	2412	42.718420546468
1	-42	2412	42.723581535025
1	-41	2412	42.728734384343
1	-42	2412	42.733892019869
1	-42	2412	42.738808937355
1	-42	2412	42.743957472391
1	-42	2412	42.749010164605
1	-41	2412	42.754158428826
1	-42	2412	42.759204948077
1	-41	2412	42.764345295902
1	-42	2412	42.769399645821
1	-42	2412	42.774551965237
1	-42	2412	42.779584043549
1	-42	2412	42.784734325993
1	-42	2412	42.78974604538
1	-41	2412	42.794889365611
1	-41	2412	42.799914152917
1	-41	2412	42.805059230476
1	-41	2412	42.810153926555
1	-42	2412	42.815270370532
1	-42	2412	42.820295680252
1	-42	2412	42.825432556484
1	-42	2412	42.830488187112
1	-42	2412	42.835627251783
1	-41	2412	42.840395658203
1	-42	2412	42.845546572809
1	-42	2412	42.850561412717
1	-41	2412	42.855716445462
1	-42	2412	42.860727390337
1	-42	2412	42.865872183086
1	-42	2412	42.871024990598
1	-42	2412	42.876177722862
1	-42	2412	42.881281441805
1	-42	2412	42.886425976591
1	-42	2412	42.891300865057
1	-42	2412	42.896443390643
1	-41	2412	42.901472366552
1	-42	2412	42.906623519079
1	-41	2412	42.911671610838
1	-42	2412	42.916832309557
1	-42	2412	42.921465662697
1	-42	2412	42.926620303789
1	-42	2412	42.93172759391
1	-42	2412	42.936847195499
1	-41	2412	42.941879600738
1	-41	2412	42.947029946093
1	-41	2412	42.952048146505
1	-41	2412	42.957206432291
1	-42	2412	42.962358844638
1	-41	2412	42.967509033447
1	-42	2412	42.972667364319
1	-42	2412	42.977731399834
1	-42	2412	42.982891828134
1	-42	2412	42.987981796019
1	-42	2412	42.993144164861
1	-42	2412	42.998252126487
1	-42	2412	43.00340026062
1	-42	2412	43.008550199871
1	-41	2412	43.013599582345
1	-43	2412	43.018649618486
1	-42	2412	43.023803877229
1	-42	2412	43.028948649511
1	-42	2412	43.033999971113
1	-42	2412	43.03914640715
1	-43	2412	43.044260164218
1	-42	2412	43.049376742428
1	-42	2412	43.054515353494
1	-42	2412	43.05967309899
1	-42	2412	43.064827433316
1	-41	2412	43.069923179013
1	-42	2412	43.075070304082
1	-42	2412	43.08023280555
1	-42	2412	43.085384356483
1	-42	2412	43.090531092583
1	-42	2412	43.095613386971
1	-42	2412	43.100698714132
1	-42	2412	43.105815305228
1	-42	2412	43.110933752343
1	-42	2412	43.116079059612
1	-42	2412	43.121196319362
1	-43	2412	43.12633386954
1	-43	2412	43.131451827073
1	-42	2412	43.136611213411
1	-42	2412	43.141754728004
1	-43	2412	43.146867374278
1	-41	2412	43.152001292539
1	-42	2412	43.157144570131
1	-42	2412	43.162252653143
1	-42	2412	43.167389513522
1	-41	2412	43.17242890481
1	-42	2412	43.177590364416
1	-42	2412	43.182735398422
1	-43	2412	43.187894712615
1	-42	2412	43.192985505332
1	-42	2412	43.198126200443
1	-43	2412	43.203267627381
1	-41	2412	43.20837544263
1	-42	2412	43.213490624992
1	-41	2412	43.218640291121
1	-42	2412	43.223786964275
1	-42	2412	43.228896985995
1	-42	2412	43.234000546883
1	-42	2412	43.239157085617
1	-43	2412	43.244262316723
1	-42	2412	43.249408431234
1	-42	2412	43.254531873505
1	-42	2412	43.259675723308
1	-42	2412	43.264825064843
1	-42	2412	43.269928582943
1	-42	2412	43.27505234886
1	-42	2412	43.280241532673
1	-43	2412	43.279966390121
1	-43	2412	43.285114822105
1	-42	2412	43.281250197738
1	-42	2412	43.246508615755
1	-44	2412	43.251661257897
1	-43	2412	43.256807239672
1	-43	2412	43.26195778993
1	-43	2412	43.266972666501
1	-44	2412	43.272108740428
1	-44	2412	43.277206710603
1	-43	2412	43.282179050693
1	-44	2412	43.287308925699
1	-43	2412	43.29242807729
1	-44	2412	43.297534988662
1	-43	2412	43.302633709
1	-43	2412	43.307760882451
1	-43	2412	43.312899166331
1	-43	2412	43.317972334126
1	-43	2412	43.323083259125
1	-44	2412	43.328183772218
1	-43	2412	43.333325572874
1	-42	2412	43.338479629685
1	-43	2412	43.343577191769
1	-43	2412	43.3487250901
1	-43	2412	43.353856735444
1	-44	2412	43.358921741989
1	-44	2412	43.364073517665
1	-44	2412	43.369161079564
1	-44	2412	43.374257268169
1	-44	2412	43.379406967609
1	-43	2412	43.38454863338
1	-43	2412	43.389679988319
1	-43	2412	43.394770754663
1	-43	2412	43.39992491327
1	-43	2412	43.405074610801
1	-43	2412	43.410218112048
1	-44	2412	43.415174336133
1	-44	2412	43.420309806671
1	-43	2412	43.425461458114
1	-44	2412	43.430607019335
1	-43	2412	43.43568929913
1	-43	2412	43.440837196246
1	-43	2412	43.445990386425
1	-43	2412	43.451125499885
1	-43	2412	43.456212593883
1	-44	2412	43.461359967069
1	-43	2412	43.46645980079
1	-44	2412	43.471592750557
1	-44	2412	43.476742116472
1	-43	2412	43.481856136336
1	-44	2412	43.486997317307
1	-43	2412	43.492081214478
1	-43	2412	43.497180764164
1	-43	2412	43.502318827383
1	-43	2412	43.507305004539
1	-43	2412	43.512030808349
1	-44	2412	43.517155378619
1	-44	2412	43.522288884656
1	-43	2412	43.527434860306
1	-42	2412	43.532536322713
1	-42	2412	43.537680567201
1	-42	2412	43.542830224223
1	-42	2412	43.54791769164
1	-43	2412	43.553055398743
1	-44	2412	43.558198246973
1	-43	2412	43.563294158527
1	-44	2412	43.56842564945
1	-44	2412	43.57352030414
1	-44	2412	43.578617047105
1	-43	2412	43.583752862679
1	-43	2412	43.588849382674
1	-42	2412	43.594001413073
1	-43	2412	43.599154076974
1	-42	2412	43.604305089262
1	-43	2412	43.609338863299
1	-43	2412	43.614417382889
1	-43	2412	43.619560748363
1	-44	2412	43.624679486668
1	-43	2412	43.629830102058
1	-43	2412	43.634943181591
1	-43	2412	43.639870373958
1	-43	2412	43.645012676255
1	-43	2412	43.650140631761
1	-43	2412	43.655282562405
1	-43	2412	43.660383283733
1	-44	2412	43.665525547727
1	-44	2412	43.670679942237
1	-44	2412	43.675765811664
1	-43	2412	43.680830443838
1	-42	2412	43.685974624466
1	-42	2412	43.690947760101
1	-43	2412	43.696054366008
1	-43	2412	43.701180900385
1	-43	2412	43.7062802503
1	-43	2412	43.711393586415
1	-43	2412	43.71654704264
1	-42	2412	43.721641723606
1	-43	2412	43.726665714922
1	-42	2412	43.731756503377
1	-42	2412	43.736904561208
1	-43	2412	43.742030930533
1	-43	2412	43.747181129057
1	-44	2412	43.752133573342
1	-43	2412	43.757274045741
1	-43	2412	43.762381678695
1	-43	2412	43.767515113356
1	-43	2412	43.772441634481
1	-43	2412	43.777573796702
1	-43	2412	43.782723689782
1	-43	2412	43.787820347918
1	-43	2412	43.792927246908
1	-44	2412	43.798065921664
1	-43	2412	43.803156806163
1	-43	2412	43.808111607694
1	-43	2412	43.813245433126
1	-42	2412	43.818395855791
1	-42	2412	43.823492235985
1	-43	2412	43.828627629642
1	-43	2412	43.833768797676
1	-43	2412	43.83886252103
1	-44	2412	43.843970653824
1	-43	2412	43.849101571661
1	-44	2412	43.854215229832
1	-42	2412	43.859344073062
1	-42	2412	43.864487832934
1	-42	2412	43.869632611805
1	-43	2412	43.874709435537
1	-43	2412	43.879821042665
1	-44	2412	43.884946364742
1	-44	2412	43.890100246547
1	-43	2412	43.895210898835
1	-44	2412	43.900328259668
1	-44	2412	43.905476050722
1	-44	2412	43.910623109565
1	-43	2412	43.915711575879
1	-43	2412	43.920847244464
1	-42	2412	43.925945294606
1	-42	2412	43.931078775729
1	-43	2412	43.936098434413
1	-43	2412	43.941203951239
1	-43	2412	43.946362019363
1	-43	2412	43.951506361083
1	-43	2412	43.956616406095
1	-42	2412	43.961625612652
1	-42	2412	43.966760931499
1	-42	2412	43.971866932308
1	-42	2412	43.977002476539
1	-42	2412	43.98209903857
1	-44	2412	43.987237276809
1	-43	2412	43.992378401852
1	-43	2412	43.997502434261
1	-44	2412	44.002632699651
1	-44	2412	44.007777984784
1	-42	2412	44.012839786133
1	-43	2412	44.017963713239
1	-42	2412	44.023094590161
1	-42	2412	44.028200395826
1	-42	2412	44.03329320741
1	-42	2412	44.038439444359
1	-43	2412	44.043585990783
1	-43	2412	44.048711854439
1	-43	2412	44.053818841944
1	-43	2412	44.058910904469
1	-44	2412	44.064043009375
1	-42	2412	44.069159476907
1	-42	2412	44.074304179735
1	-42	2412	44.079406573763
1	-42	2412	44.084498543136
1	-42	2412	44.089632447777
1	-42	2412	44.09476385399
1	-43	2412	44.099874495556
1	-43	2412	44.104972838876
1	-43	2412	44.110115008966
1	-44	2412	44.115210873638
1	-43	2412	44.120346611522
1	-42	2412	44.125478363466
1	-42	2412	44.130576123884
1	-42	2412	44.135724508241
1	-42	2412	44.140855802458
1	-43	2412	44.145948907972
1	-43	2412	44.151086760242
1	-43	2412	44.15622624305
1	-43	2412	44.161376722479
1	-43	2412	44.166470156855
1	-44	2412	44.171565983742
1	-44	2412	44.176697269884
1	-42	2412	44.181604817037
1	-42	2412	44.186748212696
1	-42	2412	44.191864960728
1	-43	2412	44.196532506434
1	-43	2412	44.201675892818
1	-43	2412	44.20680486545
1	-43	2412	44.211920963682
1	-43	2412	44.217015688774
1	-43	2412	44.222142543107
1	-42	2412	44.227290062091
1	-42	2412	44.232385198282
1	-42	2412	44.237481627307
1	-42	2412	44.242604240065
1	-42	2412	44.247753983796
1	-42	2412	44.252901445071
1	-44	2412	44.257971098081
1	-43	2412	44.263118787156
1	-43	2412	44.268247626291
1	-43	2412	44.273294263715
1	-43	2412	44.27843425803
1	-42	2412	44.283583897897
1	-42	2412	44.288666284512
1	-42	2412	44.293761068458
1	-42	2412	44.29890687934
1	-43	2412	44.304007961282
1	-43	2412	44.309058495839
1	-43	2412	44.314192456753
1	-43	2412	44.319266468264
1	-44	2412	44.324410826628
1	-42	2412	44.329551128107
1	-42	2412	44.334663757482
1	-42	2412	44.339747765178
1	-42	2412	44.344889542192
1	-42	2412	44.35001591924
1	-43	2412	44.35516097234
1	-43	2412	44.360300693343
1	-43	2412	44.365413055401
1	-43	2412	44.299285956162
1	-43	2412	44.304432013389
1	-43	2412	44.309565912945
1	-44	2412	44.314689306289
1	-43	2412	44.319752571416
1	-43	2412	44.324819829497
1	-43	2412	44.32990250933
1	-43	2412	44.335031037546
1	-43	2412	44.340096540573
1	-43	2412	44.345039632344
1	-43	2412	44.350174418011
1	-42	2412	44.35515734027
1	-43	2412	44.360266546019
1	-43	2412	44.365347493832
1	-43	2412	44.370427635515
1	-43	2412	44.375299911907
1	-43	2412	44.380336083973
1	-43	2412	44.385416873226
1	-43	2412	44.390477840394
1	-43	2412	44.395528487776
1	-43	2412	44.400649038019
1	-42	2412	44.405699172274
1	-43	2412	44.410841401231
1	-43	2412	44.415957339754
1	-43	2412	44.421083652869
1	-43	2412	44.426222114393
1	-43	2412	44.4313224356
1	-43	2412	44.43645543098
1	-43	2412	44.441591892021
1	-43	2412	44.446725676448
1	-43	2412	44.451865363038
1	-43	2412	44.45698499041
1	-43	2412	44.462003940154
1	-43	2412	44.467076387707
1	-43	2412	44.472163475936
1	-43	2412	44.477238736434
1	-43	2412	44.482379489248
1	-43	2412	44.487506761863
1	-43	2412	44.492577945418
1	-43	2412	44.497644218492
1	-44	2412	44.502776288313
1	-43	2412	44.507913934727
1	-44	2412	44.513040531508
1	-43	2412	44.518101972047
1	-43	2412	44.52323062389
1	-43	2412	44.52835681446
1	-43	2412	44.533496291299
1	-43	2412	44.538632421441
1	-43	2412	44.543760101011
1	-43	2412	44.548877884911
1	-43	2412	44.554005297734
1	-43	2412	44.559080090488
1	-43	2412	44.564015016832
1	-43	2412	44.569057151167
1	-43	2412	44.574191931739
1	-43	2412	44.579310761409
1	-43	2412	44.584446276939
1	-43	2412	44.589500824176
1	-43	2412	44.594608138671
1	-43	2412	44.599692880646
1	-43	2412	44.60482007821
1	-43	2412	44.609902540303
1	-43	2412	44.615018578828
1	-43	2412	44.620153871323
1	-43	2412	44.625289366022
1	-43	2412	44.630342708627
1	-43	2412	44.635463259687
1	-43	2412	44.640545435738
1	-43	2412	44.645665713413
1	-44	2412	44.650798810021
1	-43	2412	44.655921321954
1	-43	2412	44.661024793373
1	-43	2412	44.666149537518
1	-43	2412	44.671164077207
1	-43	2412	44.676246600064
1	-43	2412	44.681246867787
1	-42	2412	44.686376609923
1	-43	2412	44.69151762655
1	-43	2412	44.696651890819
1	-43	2412	44.701707826295
1	-43	2412	44.706817772438
1	-43	2412	44.71195229854
1	-43	2412	44.717072161966
1	-43	2412	44.722136988886
1	-43	2412	44.727257133426
1	-43	2412	44.732381375954
1	-42	2412	44.737513672558
1	-43	2412	44.742592749151
1	-43	2412	44.747710791901
1	-43	2412	44.75282229178
1	-43	2412	44.757954551774
1	-43	2412	44.763027214663
1	-43	2412	44.768166170982
1	-43	2412	44.773283925681
1	-43	2412	44.778363244986
1	-43	2412	44.783487359657
1	-43	2412	44.788568849656
1	-43	2412	44.793535369729
1	-43	2412	44.798641491249
1	-43	2412	44.8037483673
1	-43	2412	44.808868829064
1	-43	2412	44.813973589856
1	-43	2412	44.819092385333
1	-43	2412	44.824174214169
1	-43	2412	44.829292009635
1	-43	2412	44.834428089569
1	-42	2412	44.839557730094
1	-43	2412	44.84461354198
1	-43	2