1	-69	2412	0.16252217371795
1	-69	2412	0.32397507920844
1	-68	2412	0.47859434454462
1	-68	2412	0.63015633137075
1	-68	2412	0.78741205241103
1	-68	2412	0.94436404989636
1	-68	2412	1.1006321259621
1	-68	2412	1.2571599289235
1	-52	2412	0.86539071784993
1	-52	2412	0.94301014044639
1	-70	2412	1.0371221642438
1	-70	2412	1.1313495900077
1	-70	2412	1.2255901267958
1	-70	2412	1.3197988016855
1	-70	2412	1.3356134132232
1	-70	2412	1.4240299218133
1	-70	2412	1.4973034406168
1	-70	2412	1.5807224960256
1	-70	2412	1.6682041266963
1	-70	2412	1.7559442453172
1	-70	2412	1.8391065639219
1	-70	2412	1.9266387759836
1	-70	2412	2.0030031449783
1	-70	2412	2.0846934377051
1	-70	2412	2.1610747765887
1	-70	2412	2.2473705245057
1	-70	2412	2.3335153707983
1	-70	2412	2.3887357120148
1	-70	2412	2.4738301283658
1	-70	2412	2.4178974160599
1	-70	2412	2.4984503079256
1	-70	2412	2.5787980134657
1	-70	2412	2.6486620252772
1	-51	2412	2.1626775354633
1	-70	2412	2.2262571018505
1	-70	2412	2.0652714092074
1	-70	2412	1.9779229136782
1	-70	2412	2.0312811601724
1	-70	2412	2.0846296032473
1	-70	2412	2.1380315643921
1	-70	2412	2.1487731835989
1	-70	2412	2.2011284607631
1	-69	2412	2.2534169542623
1	-70	2412	2.3056140987373
1	-70	2412	2.3579523503276
1	-70	2412	2.4102692685171
1	-70	2412	2.3542834300306
1	-70	2412	2.4043221063694
1	-70	2412	2.454259886121
1	-70	2412	2.5042697271521
1	-70	2412	2.5543211425942
1	-70	2412	2.6006702099872
1	-70	2412	2.6471869523608
1	-70	2412	2.6966895295255
1	-70	2412	2.7432637611346
1	-70	2412	2.7929260324447
1	-70	2412	2.8427440388218
1	-69	2412	2.8924835359926
1	-70	2412	2.9421908522457
1	-70	2412	2.9914924099651
1	-70	2412	3.0406303684018
1	-70	2412	3.0893608914555
1	-70	2412	3.1352824705263
1	-70	2412	3.1837648490589
1	-70	2412	3.1603167270056
1	-70	2412	3.208184907319
1	-70	2412	3.2566868448302
1	-70	2412	3.3052328248809
1	-70	2412	3.3535585195529
1	-70	2412	3.3980620043384
1	-70	2412	3.4465601933824
1	-70	2412	3.4822437673475
1	-70	2412	3.5305229350321
1	-70	2412	3.5788201129374
1	-70	2412	3.6270103687967
1	-69	2412	3.6752880435315
1	-70	2412	3.7235778049351
1	-70	2412	3.7717450100477
1	-71	2412	3.8057791376513
1	-70	2412	3.8478628690429
1	-70	2412	3.8935186301507
1	-70	2412	3.9414770418796
1	-70	2412	3.9884296240906
1	-70	2412	4.0358161543468
1	-70	2412	4.0837315396045
1	-70	2412	4.131561908689
1	-70	2412	4.1795083004149
1	-70	2412	4.2236688174723
1	-70	2412	4.2711723365313
1	-70	2412	4.3162421571826
1	-70	2412	4.3640093912231
1	-71	2412	4.4118132003132
1	-70	2412	4.4596271177197
1	-71	2412	4.5069736680382
1	-70	2412	4.5546935519699
1	-70	2412	4.6024003228159
1	-70	2412	4.6501783897624
1	-70	2412	4.6974916881993
1	-71	2412	4.7450585887802
1	-71	2412	4.7926397154041
1	-70	2412	4.8403959820886
1	-70	2412	4.8858115962635
1	-70	2412	4.9328019164258
1	-70	2412	4.9796540504543
1	-70	2412	5.0269277327728
1	-71	2412	5.0743604302715
1	-70	2412	5.1216857183778
1	-70	2412	5.1693387375007
1	-70	2412	5.2165375621195
1	-70	2412	5.2622226147763
1	-70	2412	5.308178425391
1	-70	2412	5.3551677063272
1	-70	2412	5.4028522391299
1	-70	2412	5.4489053829049
1	-70	2412	5.4965514662072
1	-70	2412	5.5442473002863
1	-70	2412	5.5912923634904
1	-70	2412	5.6384584140287
1	-70	2412	5.6856513533282
1	-70	2412	5.7320456723282
1	-70	2412	5.7789878689609
1	-70	2412	5.8237625427171
1	-70	2412	5.8713629856595
1	-71	2412	5.9185139904909
1	-70	2412	5.9655654175801
1	-70	2412	6.0120408202687
1	-70	2412	6.059565585944
1	-70	2412	6.1071781033346
1	-71	2412	6.1545174150029
1	-71	2412	6.2021520005404
1	-70	2412	6.2487266111802
1	-70	2412	6.2963017196621
1	-71	2412	6.3434475158763
1	-70	2412	6.3899043745098
1	-70	2412	6.4365644111943
1	-70	2412	6.4838274169578
1	-70	2412	6.5310600959735
1	-70	2412	6.578259086831
1	-70	2412	6.6257100092127
1	-70	2412	6.6714029785685
1	-70	2412	6.7184958923348
1	-70	2412	6.7657993043097
1	-71	2412	6.8128471464259
1	-70	2412	6.8602768559698
1	-70	2412	6.9075653069022
1	-70	2412	6.9520444805779
1	-70	2412	6.9993064296073
1	-70	2412	7.0461079968276
1	-70	2412	7.0934020975542
1	-70	2412	7.1408571764891
1	-70	2412	7.1875194302169
1	-71	2412	7.2348783268838
1	-70	2412	7.2822419248467
1	-70	2412	7.32902954425
1	-70	2412	7.3764335813615
1	-70	2412	7.4233268305763
1	-71	2412	7.4701876366623
1	-70	2412	7.5165427960814
1	-71	2412	7.5635415013652
1	-70	2412	7.6104957850737
1	-70	2412	7.657378831733
1	-70	2412	7.7032583311658
1	-71	2412	7.7499811230173
1	-70	2412	7.7972071441152
1	-71	2412	7.8436281524054
1	-71	2412	7.8901682923293
1	-70	2412	7.9375339175914
1	-70	2412	7.9849145785916
1	-70	2412	8.031491121461
1	-70	2412	8.0735377157297
1	-71	2412	8.1205059349328
1	-71	2412	8.1670917797261
1	-71	2412	8.2143543839176
1	-70	2412	8.2616604648367
1	-70	2412	8.3079037882835
1	-70	2412	8.3547388381523
1	-70	2412	8.4014112761288
1	-70	2412	8.445990629731
1	-70	2412	8.4931692571923
1	-70	2412	8.5403809121593
1	-70	2412	8.5876554293877
1	-70	2412	8.6346722476582
1	-70	2412	8.6798779530035
1	-70	2412	8.7255777683215
1	-70	2412	8.7725996722009
1	-71	2412	8.8192733149498
1	-70	2412	8.8664904013286
1	-70	2412	8.9136009864216
1	-70	2412	8.9608283896597
1	-70	2412	9.0080146371267
1	-70	2412	9.0530917583085
1	-70	2412	9.0995479053115
1	-70	2412	9.1467714703135
1	-70	2412	9.191122836382
1	-70	2412	9.2367046994483
1	-70	2412	9.2839700851207
1	-70	2412	9.3306105244063
1	-70	2412	9.3642269882991
1	-70	2412	9.4038105968356
1	-70	2412	9.4482192720941
1	-70	2412	9.4951738611503
1	-70	2412	9.5175496830202
1	-70	2412	9.5642922663513
1	-70	2412	9.6109120115506
1	-70	2412	9.6577543179872
1	-70	2412	9.7040563367804
1	-70	2412	9.7414990050772
1	-70	2412	9.7883665320229
1	-70	2412	9.8352458953582
1	-70	2412	9.8816404968505
1	-70	2412	9.928464466972
1	-70	2412	9.9752661108815
1	-70	2412	10.021734293904
1	-70	2412	10.067532698384
1	-71	2412	10.112959732959
1	-70	2412	10.159495674719
1	-70	2412	10.206079098876
1	-71	2412	10.252235588872
1	-70	2412	10.299069611649
1	-70	2412	10.341471326418
1	-70	2412	10.388265540332
1	-71	2412	10.434541793095
1	-71	2412	10.481324707596
1	-70	2412	10.528040894232
1	-70	2412	10.572961913107
1	-71	2412	10.61943329127
1	-70	2412	10.665564025063
1	-70	2412	10.712324128338
1	-70	2412	10.758795080691
1	-70	2412	10.805539003828
1	-70	2412	10.851964230788
1	-70	2412	10.897541087106
1	-71	2412	10.943777398208
1	-70	2412	10.990520557374
1	-70	2412	11.037098902019
1	-70	2412	11.08382822467
1	-70	2412	11.129220289585
1	-70	2412	11.175939412575
1	-70	2412	11.221553632922
1	-70	2412	11.267695711121
1	-70	2412	11.314310730589
1	-71	2412	11.359656242395
1	-71	2412	11.405920171262
1	-70	2412	11.452672402607
1	-71	2412	11.499398410409
1	-70	2412	11.542514763205
1	-70	2412	11.588271168518
1	-70	2412	11.634401209527
1	-70	2412	11.680064802905
1	-70	2412	11.726334022641
1	-70	2412	11.772878222712
1	-70	2412	11.819005097852
1	-70	2412	11.865671727574
1	-70	2412	11.911927209495
1	-70	2412	11.958582676966
1	-70	2412	12.005194780975
1	-70	2412	12.051867333949
1	-70	2412	12.098423863767
1	-70	2412	12.144987569307
1	-70	2412	12.178884033217
1	-70	2412	12.212716079299
1	-70	2412	12.250506340148
1	-70	2412	12.286989984166
1	-70	2412	12.333252355135
1	-70	2412	12.378217848907
1	-70	2412	12.422674997525
1	-71	2412	12.469052875146
1	-70	2412	12.514999588223
1	-70	2412	12.561310235404
1	-70	2412	12.606680495332
1	-70	2412	12.652598638149
1	-70	2412	12.697953450868
1	-70	2412	12.743243285955
1	-71	2412	12.789540659077
1	-70	2412	12.835869697706
1	-70	2412	12.880559468347
1	-70	2412	12.926460548636
1	-71	2412	12.972752787503
1	-71	2412	13.019073210983
1	-70	2412	13.065184931635
1	-71	2412	13.111008199646
1	-70	2412	13.157157979628
1	-70	2412	13.203127662273
1	-70	2412	13.24916978183
1	-70	2412	13.295365576979
1	-70	2412	13.341401807123
1	-70	2412	13.387606062
1	-71	2412	13.433904511367
1	-70	2412	13.480159784564
1	-70	2412	13.526511056526
1	-70	2412	13.572910733822
1	-70	2412	13.618566988139
1	-70	2412	13.664842761877
1	-70	2412	13.711162727149
1	-71	2412	13.757527812574
1	-70	2412	13.803609898523
1	-70	2412	13.84982979732
1	-70	2412	13.893993418669
1	-70	2412	13.938908660887
1	-70	2412	13.985062319654
1	-71	2412	14.028384375478
1	-70	2412	14.074722556484
1	-70	2412	14.121066505911
1	-71	2412	14.167127760636
1	-70	2412	14.213331715931
1	-70	2412	14.259622117471
1	-71	2412	14.305954528432
1	-70	2412	14.351601346283
1	-71	2412	14.397362217907
1	-70	2412	14.443624774463
1	-70	2412	14.489927704463
1	-70	2412	14.535999341171
1	-70	2412	14.58109398604
1	-71	2412	14.62710530749
1	-70	2412	14.673202810366
1	-70	2412	14.718920155925
1	-70	2412	14.764382925132
1	-71	2412	14.810527045154
1	-71	2412	14.856816618491
1	-70	2412	14.902914948251
1	-70	2412	14.949221804633
1	-70	2412	14.995089977698
1	-70	2412	15.038607686833
1	-70	2412	15.084725783026
1	-71	2412	15.130783743431
1	-70	2412	15.176920867767
1	-70	2412	15.222227730857
1	-70	2412	15.268371168932
1	-70	2412	15.314485968743
1	-70	2412	15.359735288653
1	-70	2412	15.405967593989
1	-70	2412	15.452064281019
1	-71	2412	15.498099831056
1	-71	2412	15.544186355338
1	-70	2412	15.590314642471
1	-70	2412	15.636109309428
1	-70	2412	15.682132240314
1	-71	2412	15.727753278111
1	-71	2412	15.773889250909
1	-70	2412	15.820090651304
1	-70	2412	15.866108312807
1	-70	2412	15.912183371197
1	-70	2412	15.957966209866
1	-70	2412	16.004187149086
1	-70	2412	16.050170091654
1	-70	2412	16.09614493657
1	-70	2412	16.141904325125
1	-70	2412	16.187913791293
1	-70	2412	16.234022085806
1	-70	2412	16.279767697156
1	-70	2412	16.325760806205
1	-71	2412	16.37143618721
1	-70	2412	16.417523045824
1	-70	2412	16.463095304966
1	-70	2412	16.506572013394
1	-70	2412	16.552728454655
1	-70	2412	16.597063936591
1	-70	2412	16.643381271349
1	-71	2412	16.68797466154
1	-70	2412	16.733002387791
1	-70	2412	16.776665576656
1	-70	2412	16.822636747447
1	-70	2412	16.867645912506
1	-70	2412	16.913627940759
1	-70	2412	16.959179727977
1	-70	2412	17.004711158728
1	-70	2412	17.050675382214
1	-71	2412	17.096678778824
1	-70	2412	17.142102325546
1	-70	2412	17.187769377006
1	-70	2412	17.233187180947
1	-70	2412	17.278392878031
1	-70	2412	17.323366477458
1	-70	2412	17.369463622883
1	-70	2412	17.41396935224
1	-70	2412	17.460081650819
1	-70	2412	17.505302484375
1	-70	2412	17.551141671083
1	-70	2412	17.596030130361
1	-70	2412	17.642017873784
1	-70	2412	17.687639569115
1	-71	2412	17.733513838645
1	-71	2412	17.779459251433
1	-71	2412	17.825393911141
1	-70	2412	17.871238641097
1	-70	2412	17.917293774195
1	-70	2412	17.962035290846
1	-70	2412	18.005387022895
1	-71	2412	18.050819654629
1	-70	2412	18.096631570675
1	-70	2412	18.142724091905
1	-70	2412	18.188893517268
1	-70	2412	18.198622714942
1	-70	2412	18.242426590703
1	-70	2412	18.283830075019
1	-70	2412	18.3256725816
1	-70	2412	18.370418036726
1	-70	2412	18.416350607201
1	-71	2412	18.462073325526
1	-70	2412	18.506345674408
1	-71	2412	18.552123467841
1	-71	2412	18.597490025762
1	-71	2412	18.643197234827
1	-70	2412	18.688447643922
1	-70	2412	18.73322150186
1	-70	2412	18.777649714489
1	-70	2412	18.820696990646
1	-70	2412	18.866429880266
1	-71	2412	18.903182736145
1	-71	2412	18.948810504924
1	-71	2412	18.993004614719
1	-70	2412	19.038371393313
1	-70	2412	19.083681795778
1	-70	2412	19.127297401376
1	-70	2412	19.172851295465
1	-70	2412	19.213334966864
1	-71	2412	19.257066593759
1	-70	2412	19.298556528365
1	-70	2412	19.344309466793
1	-70	2412	19.389317954437
1	-70	2412	19.434497523876
1	-71	2412	19.480209771263
1	-70	2412	19.525222171288
1	-70	2412	19.570812056057
1	-70	2412	19.61655298962
1	-70	2412	19.662151989302
1	-70	2412	19.707653417156
1	-70	2412	19.753443737666
1	-70	2412	19.799347622432
1	-70	2412	19.845286601343
1	-70	2412	19.745778359535
1	-70	2412	19.790816170551
1	-70	2412	19.835397883221
1	-70	2412	19.880758519189
1	-70	2412	19.925232962667
1	-70	2412	19.970648577611
1	-70	2412	20.014340573967
1	-69	2412	20.058907269223
1	-70	2412	20.103044877973
1	-70	2412	20.147227330401
1	-70	2412	20.19172100038
1	-70	2412	20.235179666506
1	-70	2412	20.280595145198
1	-70	2412	20.325985914635
1	-70	2412	20.371332033327
1	-70	2412	20.414941633035
1	-70	2412	20.460095426774
1	-70	2412	20.504096174686
1	-71	2412	20.544654022993
1	-70	2412	20.589122573043
1	-70	2412	20.634327860094
1	-70	2412	20.678125984817
1	-70	2412	20.722077647241
1	-70	2412	20.767144538317
1	-71	2412	20.809559881472
1	-70	2412	20.85467573379
1	-70	2412	20.899822404652
1	-70	2412	20.943937337547
1	-70	2412	20.988203106543
1	-70	2412	21.031884021824
1	-71	2412	21.076678222696
1	-70	2412	21.114177115048
1	-70	2412	21.159387944575
1	-70	2412	21.20464796702
1	-70	2412	21.24911084406
1	-70	2412	21.294336428252
1	-70	2412	21.339647657108
1	-70	2412	21.384672792221
1	-70	2412	21.429375513755
1	-70	2412	21.474662197125
1	-70	2412	21.518155855513
1	-70	2412	21.563239739845
1	-70	2412	21.606601042938
1	-70	2412	21.65144338266
1	-70	2412	21.693603938184
1	-70	2412	21.735256502354
1	-70	2412	21.780377229932
1	-70	2412	21.824884156931
1	-70	2412	21.870105565381
1	-70	2412	21.914529124851
1	-71	2412	21.957824625084
1	-70	2412	22.003068113179
1	-71	2412	22.047868165764
1	-70	2412	22.092100007876
1	-70	2412	22.137086439564
1	-70	2412	22.181132459321
1	-70	2412	22.226219771486
1	-70	2412	22.26955436854
1	-70	2412	22.314119987007
1	-70	2412	22.357840242048
1	-70	2412	22.40280851623
1	-70	2412	22.447591979486
1	-70	2412	22.492214272783
1	-70	2412	22.537142192336
1	-71	2412	22.582190396042
1	-70	2412	22.627282087327
1	-70	2412	22.669881619507
1	-70	2412	22.714277255471
1	-70	2412	22.758598095955
1	-70	2412	22.803297237399
1	-70	2412	22.847621670772
1	-70	2412	22.8920613428
1	-70	2412	22.93555046291
1	-70	2412	22.980682545864
1	-70	2412	23.025068902686
1	-70	2412	23.069641426454
1	-70	2412	23.114605211262
1	-70	2412	23.157846599135
1	-70	2412	23.203030928426
1	-71	2412	23.247867795739
1	-70	2412	23.293018709703
1	-70	2412	23.336584882407
1	-70	2412	23.381612273498
1	-70	2412	23.426527822579
1	-70	2412	23.471442616139
1	-70	2412	23.516373784564
1	-70	2412	23.561524192775
1	-70	2412	23.605411085349
1	-70	2412	23.65049855287
1	-70	2412	23.695188504916
1	-70	2412	23.73912543477
1	-71	2412	23.783937327971
1	-70	2412	23.829062439867
1	-70	2412	23.873778480142
1	-70	2412	23.918226092184
1	-71	2412	23.962339549574
1	-70	2412	24.007197820774
1	-70	2412	24.052302694289
1	-70	2412	24.095534780267
1	-70	2412	24.138915283926
1	-70	2412	24.181898875898
1	-70	2412	24.226795764212
1	-70	2412	24.270530310066
1	-70	2412	24.315510858487
1	-70	2412	24.360616029582
1	-70	2412	24.405470562896
1	-70	2412	24.449715066113
1	-70	2412	24.494774890378
1	-70	2412	24.536407338706
1	-70	2412	24.580292216174
1	-70	2412	24.625281055669
1	-70	2412	24.669632395676
1	-70	2412	24.714453691438
1	-70	2412	24.759171717497
1	-70	2412	24.803542098773
1	-70	2412	24.848473226025
1	-71	2412	24.893487607248
1	-70	2412	24.938561889054
1	-70	2412	24.983391995141
1	-70	2412	25.028391554763
1	-70	2412	25.073439342807
1	-70	2412	25.118463410267
1	-71	2412	25.163236236447
1	-70	2412	25.207573292499
1	-70	2412	25.252369192696
1	-70	2412	25.297355781432
1	-71	2412	25.340875675487
1	-70	2412	25.384789922414
1	-71	2412	25.429721917263
1	-70	2412	25.474521798685
1	-70	2412	25.517285997547
1	-70	2412	25.559995330408
1	-70	2412	25.605100372089
1	-70	2412	25.649954057865
1	-70	2412	25.694969929671
1	-70	2412	25.739627511307
1	-70	2412	25.784641479999
1	-70	2412	25.829626669841
1	-70	2412	25.872970852772
1	-70	2412	25.917023749989
1	-69	2412	25.960582734725
1	-70	2412	26.005338897923
1	-70	2412	26.050098550549
1	-70	2412	26.094359977406
1	-71	2412	26.138989299989
1	-70	2412	26.18366374264
1	-70	2412	26.228047278023
1	-71	2412	26.272779377142
1	-70	2412	26.316655432746
1	-71	2412	26.361386603447
1	-70	2412	26.406082422684
1	-70	2412	26.450851925643
1	-70	2412	26.494835966014
1	-70	2412	26.539006357599
1	-70	2412	26.583436606378
1	-70	2412	26.627161904478
1	-70	2412	26.672136113088
1	-70	2412	26.716729319116
1	-70	2412	26.761482046898
1	-70	2412	26.805618938569
1	-70	2412	26.850507432278
1	-70	2412	26.894870316736
1	-70	2412	26.937305520721
1	-70	2412	26.980961362273
1	-70	2412	27.025664457978
1	-70	2412	27.068999481588
1	-70	2412	27.113410525142
1	-71	2412	27.154452639711
1	-70	2412	27.19928750607
1	-70	2412	27.244188021981
1	-70	2412	27.28883812227
1	-70	2412	27.332636265527
1	-70	2412	27.375252579459
1	-70	2412	27.419064426347
1	-70	2412	27.463198148365
1	-70	2412	27.50697565161
1	-70	2412	27.551306734085
1	-71	2412	27.594847866026
1	-70	2412	27.639317140272
1	-70	2412	27.680365186342
1	-70	2412	27.724166627027
1	-70	2412	27.768933061422
1	-70	2412	27.813236589033
1	-70	2412	27.856897277037
1	-71	2412	27.901770034346
1	-70	2412	27.945514013267
1	-70	2412	27.988670792561
1	-70	2412	28.03349423472
1	-70	2412	28.077906925274
1	-70	2412	28.122471413926
1	-70	2412	28.166316369663
1	-70	2412	28.211170916399
1	-70	2412	28.256034255891
1	-70	2412	28.299454731405
1	-70	2412	28.343438345464
1	-70	2412	28.387649129435
1	-70	2412	28.431441402829
1	-70	2412	28.475975091501
1	-70	2412	28.518493660876
1	-70	2412	28.563289656826
1	-71	2412	28.60767081669
1	-70	2412	28.649542553031
1	-70	2412	28.694037398947
1	-70	2412	28.738098565136
1	-70	2412	28.783080896016
1	-70	2412	28.636473552147
1	-71	2412	28.677912603633
1	-70	2412	28.719660616869
1	-71	2412	28.764033645339
1	-70	2412	28.80071735643
1	-70	2412	28.841674336632
1	-71	2412	28.886128409875
1	-70	2412	28.930081483887
1	-71	2412	28.97447676938
1	-70	2412	29.017284998745
1	-70	2412	29.060323038749
1	-70	2412	29.104758351804
1	-70	2412	29.149201365039
1	-70	2412	29.192737294166
1	-70	2412	29.235300776906
1	-71	2412	29.278503310641
1	-70	2412	29.322956969472
1	-70	2412	29.36045698999
1	-71	2412	29.402754756104
1	-70	2412	29.446649719691
1	-70	2412	29.490251351492
1	-70	2412	29.533337473087
1	-70	2412	29.575440352087
1	-70	2412	29.610181806682
1	-70	2412	29.654616630151
1	-70	2412	29.697280552192
1	-70	2412	29.741318571529
1	-71	2412	29.782338147783
1	-70	2412	29.822202411317
1	-70	2412	29.863746128086
1	-70	2412	29.905170339762
1	-70	2412	29.944553653837
1	-70	2412	29.985813510943
1	-71	2412	30.030052597954
1	-70	2412	30.073832103954
1	-70	2412	30.116970889618
1	-71	2412	30.160456124403
1	-71	2412	30.2037388922
1	-70	2412	30.246475982698
1	-70	2412	30.289089714789
1	-70	2412	30.331523162206
1	-70	2412	30.375852212971
1	-70	2412	30.41863633531
1	-71	2412	30.462356880349
1	-70	2412	30.506327669288
1	-71	2412	30.550476908762
1	-70	2412	30.594798499277
1	-71	2412	30.636840221443
1	-70	2412	30.680469026719
1	-70	2412	30.720820970844
1	-70	2412	30.764342229062
1	-70	2412	30.807174953767
1	-70	2412	30.850621144222
1	-70	2412	30.893809093838
1	-70	2412	30.937843692825
1	-70	2412	30.98216182294
1	-70	2412	31.021881946991
1	-70	2412	31.063658067075
1	-71	2412	31.105946514002
1	-70	2412	31.149318120628
1	-70	2412	31.193031994138
1	-70	2412	31.237077538312
1	-71	2412	31.28097417782
1	-71	2412	31.323279547833
1	-71	2412	31.365687375989
1	-70	2412	31.40984385461
1	-70	2412	31.450652178267
1	-70	2412	31.493879314907
1	-70	2412	31.537654541358
1	-70	2412	31.571198624689
1	-70	2412	31.613842854964
1	-70	2412	31.657634767271
1	-70	2412	31.70067875173
1	-70	2412	31.743430346965
1	-70	2412	31.7874573266
1	-70	2412	31.827730271667
1	-70	2412	31.871781697543
1	-70	2412	31.91561690674
1	-70	2412	31.959360888137
1	-71	2412	32.003442923929
1	-70	2412	32.043589979536
1	-70	2412	32.087328455526
1	-70	2412	32.130872871901
1	-70	2412	32.173455984246
1	-70	2412	32.217583422385
1	-70	2412	32.258972857098
1	-70	2412	32.302514667768
1	-70	2412	32.345048920834
1	-70	2412	32.389043784003
1	-70	2412	32.43250876307
1	-70	2412	32.47448763546
1	-70	2412	32.515705575237
1	-70	2412	32.556746599935
1	-70	2412	32.600867449343
1	-71	2412	32.643504019911
1	-70	2412	32.685247303083
1	-71	2412	32.72467654619
1	-70	2412	32.765916159813
1	-70	2412	32.810046253075
1	-71	2412	32.852621340662
1	-70	2412	32.892018215079
1	-70	2412	32.933384688015
1	-70	2412	32.975044209132
1	-71	2412	33.010053602308
1	-70	2412	33.046865373362
1	-70	2412	33.089712750631
1	-70	2412	33.133472217866
1	-70	2412	33.177411575229
1	-70	2412	33.220208836989
1	-70	2412	33.264264029618
1	-70	2412	33.308013068486
1	-70	2412	33.348318143805
1	-70	2412	33.392278737315
1	-70	2412	33.434094969776
1	-70	2412	33.473081878173
1	-70	2412	33.515918772944
1	-70	2412	33.559611247664
1	-70	2412	33.600059542211
1	-70	2412	33.642817839904
1	-70	2412	33.685651309194
1	-70	2412	33.726495658496
1	-70	2412	33.770150906054
1	-70	2412	33.81406693378
1	-70	2412	33.857549045866
1	-71	2412	33.901257927085
1	-70	2412	33.945231992161
1	-71	2412	33.988744639468
1	-70	2412	34.03276731726
1	-70	2412	34.076273193123
1	-70	2412	34.116429218115
1	-70	2412	34.152186938388
1	-70	2412	34.195881465404
1	-70	2412	34.239746227365
1	-71	2412	34.279510057043
1	-70	2412	34.323220065146
1	-70	2412	34.366247454725
1	-70	2412	34.408496889652
1	-70	2412	34.448259610621
1	-70	2412	34.488628968467
1	-70	2412	34.52796155353
1	-70	2412	34.55499063438
1	-71	2412	34.262032124016
1	-70	2412	34.304051902472
1	-70	2412	34.347563538565
1	-70	2412	34.390546970549
1	-70	2412	34.429429726656
1	-70	2412	34.472923277852
1	-70	2412	34.514750674874
1	-70	2412	34.558246442315
1	-70	2412	34.601388743163
1	-71	2412	34.64033256169
1	-70	2412	34.683804362973
1	-70	2412	34.726575191304
1	-70	2412	34.768578980654
1	-71	2412	34.811981792919
1	-70	2412	34.853934739189
1	-70	2412	34.889001137722
1	-70	2412	34.930777948543
1	-70	2412	34.974083799957
1	-70	2412	35.016995805244
1	-70	2412	35.056835493155
1	-70	2412	35.09958569733
1	-70	2412	35.141892573711
1	-70	2412	35.184979886469
1	-70	2412	35.228131075853
1	-70	2412	35.269713070398
1	-70	2412	35.311963180672
1	-70	2412	35.354841415923
1	-71	2412	35.397181441178
1	-70	2412	35.440239455903
1	-70	2412	35.483623610383
1	-70	2412	35.527020740326
1	-70	2412	35.566660915897
1	-70	2412	35.608687218066
1	-70	2412	35.651415139933
1	-70	2412	35.694204398486
1	-70	2412	35.737203716399
1	-70	2412	35.780059433
1	-70	2412	35.818016218574
1	-70	2412	35.859191183347
1	-70	2412	35.901603891425
1	-70	2412	35.944061111231
1	-70	2412	35.986900835273
1	-70	2412	36.030286529586
1	-71	2412	36.072614405211
1	-70	2412	36.114138816618
1	-70	2412	36.156655908517
1	-71	2412	36.195944283881
1	-70	2412	36.237750526231
1	-71	2412	36.280200680849
1	-70	2412	36.319324946236
1	-70	2412	36.36269048879
1	-70	2412	36.405467250676
1	-70	2412	36.447351017327
1	-70	2412	36.489923416147
1	-70	2412	36.530975152023
1	-70	2412	36.574095916051
1	-70	2412	36.616027369298
1	-70	2412	36.65804445621
1	-70	2412	36.701313948648
1	-70	2412	36.744140945655
1	-70	2412	36.78743599432
1	-70	2412	36.830197296151
1	-70	2412	36.873152107119
1	-70	2412	36.916322372014
1	-70	2412	36.955622164801
1	-70	2412	36.998473097067
1	-70	2412	37.040836059367
1	-71	2412	37.083701200405
1	-70	2412	37.126910772312
1	-70	2412	37.168260299368
1	-70	2412	37.211537244076
1	-70	2412	37.254820074439
1	-70	2412	37.287215531986
1	-70	2412	37.32824912711
1	-70	2412	37.371180235809
1	-71	2412	37.414066777457
1	-70	2412	37.456434503945
1	-70	2412	37.499688318806
1	-70	2412	37.541724214687
1	-70	2412	37.581417907823
1	-70	2412	37.624055674565
1	-70	2412	37.667186541138
1	-70	2412	37.709687289565
1	-71	2412	37.750856939715
1	-70	2412	37.793540967083
1	-70	2412	37.836496260686
1	-70	2412	37.875263870781
1	-70	2412	37.918151139445
1	-70	2412	37.959351729668
1	-70	2412	37.998760737338
1	-70	2412	38.040447659154
1	-70	2412	38.083252356495
1	-70	2412	38.126341789894
1	-70	2412	38.160612305025
1	-70	2412	38.202778345257
1	-70	2412	38.245418548996
1	-70	2412	38.288596126646
1	-70	2412	38.33165793394
1	-70	2412	38.3743792932
1	-70	2412	38.417094908936
1	-70	2412	38.45998049777
1	-71	2412	38.501903438022
1	-70	2412	38.54268425095
1	-70	2412	38.585747595585
1	-71	2412	38.628804342304
1	-70	2412	38.671943817124
1	-70	2412	38.714556413108
1	-70	2412	38.757293505144
1	-70	2412	38.797467178909
1	-70	2412	38.836396131574
1	-70	2412	38.879550171362
1	-71	2412	38.922347609047
1	-70	2412	38.965463226896
1	-70	2412	39.007313228794
1	-71	2412	39.049894662327
1	-70	2412	39.08993611749
1	-70	2412	39.132682783423
1	-70	2412	39.175408680459
1	-70	2412	39.218430058875
1	-70	2412	39.261297101483
1	-71	2412	39.302988178393
1	-70	2412	39.343072752499
1	-70	2412	39.384568899753
1	-71	2412	39.427275777304
1	-70	2412	39.469982740157
1	-70	2412	39.513125584522
1	-70	2412	39.550517508408
1	-70	2412	39.593604972914
1	-70	2412	39.629976640015
1	-70	2412	39.672823539638
1	-70	2412	39.715902252642
1	-70	2412	39.751787922244
1	-71	2412	39.794413116736
1	-70	2412	39.832843050308
1	-70	2412	39.875791429399
1	-70	2412	39.918266470155
1	-70	2412	39.959325171295
1	-70	2412	40.00236466778
1	-70	2412	40.035012436158
1	-71	2412	40.077317906827
1	-70	2412	40.117468981083
1	-70	2412	40.160126377266
1	-70	2412	40.198150274041
1	-70	2412	40.236157052742
1	-71	2412	40.277398155853
1	-71	2412	40.318160413042
1	-70	2412	40.361148833323
1	-70	2412	40.401861159614
1	-70	2412	40.441928309673
1	-70	2412	40.470880684512
1	-70	2412	40.501963534689
1	-70	2412	40.536166386909
1	-70	2412	40.574347163132
1	-70	2412	40.607888855868
1	-70	2412	40.65082282402
1	-70	2412	40.691380556335
1	-70	2412	40.724803975583
1	-70	2412	40.473555275227
1	-70	2412	40.468320723615
1	-70	2412	40.509278570907
1	-70	2412	40.549784878061
1	-70	2412	40.579773330468
1	-70	2412	40.622312578113
1	-70	2412	40.662940776041
1	-70	2412	40.700707352716
1	-70	2412	40.743270911872
1	-70	2412	40.783899723643
1	-70	2412	40.826343073358
1	-70	2412	40.868848800303
1	-70	2412	40.908202161316
1	-70	2412	40.947021220474
1	-71	2412	40.986325769964
1	-70	2412	41.026289194737
1	-70	2412	41.067568914808
1	-71	2412	41.106657408423
1	-70	2412	41.148988148592
1	-71	2412	41.191337000273
1	-70	2412	41.233749064301
1	-70	2412	41.274471784107
1	-70	2412	41.316971196187
1	-70	2412	41.358298058209
1	-70	2412	41.39414456914
1	-70	2412	41.430889403702
1	-70	2412	41.469964041556
1	-70	2412	41.512342748446
1	-70	2412	41.550332346397
1	-70	2412	41.592081010381
1	-70	2412	41.633544264963
1	-70	2412	41.671827225278
1	-70	2412	41.711721302083
1	-70	2412	41.744725357883
1	-70	2412	41.786711509099
1	-70	2412	41.821757335325
1	-70	2412	41.864213139377
1	-70	2412	41.905300198849
1	-70	2412	41.94730550584
1	-70	2412	41.964084578695
1	-70	2412	42.006457675311
1	-70	2412	42.046942523107
1	-70	2412	42.08735521242
1	-70	2412	42.118320759015
1	-70	2412	42.1564143897
1	-70	2412	42.19625763007
1	-70	2412	42.238317735209
1	-71	2412	42.277887766587
1	-70	2412	42.311654219618
1	-70	2412	42.347624813308
1	-70	2412	42.387369042112
1	-70	2412	42.428527891971
1	-70	2412	42.4701278841
1	-70	2412	42.511136954156
1	-70	2412	42.550704544357
1	-70	2412	42.592702310904
1	-70	2412	42.629951041725
1	-71	2412	42.663256908631
1	-70	2412	42.704014781302
1	-70	2412	42.742871470525
1	-70	2412	42.776610684552
1	-70	2412	42.805007665876
1	-70	2412	42.847263965629
1	-70	2412	42.88670450664
1	-70	2412	42.925087726973
1	-70	2412	42.96487680462
1	-70	2412	43.007174253854
1	-70	2412	43.046850699948
1	-70	2412	43.087079800658
1	-70	2412	43.122114697289
1	-70	2412	43.154558230921
1	-70	2412	43.196615672612
1	-70	2412	43.236901704774
1	-70	2412	43.279058963021
1	-70	2412	43.321224386096
1	-71	2412	43.363402000932
1	-70	2412	43.402846171354
1	-70	2412	43.444186173099
1	-70	2412	43.486408296161
1	-70	2412	43.523803935619
1	-70	2412	43.56438526414
1	-70	2412	43.606619204369
1	-70	2412	43.648403756042
1	-70	2412	43.690219167699
1	-70	2412	43.730849933735
1	-70	2412	43.773035541753
1	-70	2412	43.812515751784
1	-70	2412	43.853274910695
1	-70	2412	43.895323152584
1	-70	2412	43.936986788255
1	-70	2412	43.977095775943
1	-70	2412	44.01916280051
1	-71	2412	44.059968162113
1	-70	2412	44.102167461887
1	-70	2412	44.14034057171
1	-70	2412	44.182027127166
1	-70	2412	44.220873961587
1	-70	2412	44.262000475791
1	-70	2412	44.301185674318
1	-70	2412	44.336331483044
1	-70	2412	44.37694596087
1	-70	2412	44.419130118402
1	-70	2412	44.459811208287
1	-70	2412	44.500848346378
1	-70	2412	44.542502239127
1	-70	2412	44.584348543982
1	-70	2412	44.626257222074
1	-70	2412	44.667131751672
1	-70	2412	44.706859683334
1	-70	2412	44.747464873904
1	-70	2412	44.789040758154
1	-70	2412	44.83116763884
1	-71	2412	44.872892386788
1	-70	2412	44.912352632752
1	-70	2412	44.95404246127
1	-71	2412	44.978656839284
1	-70	2412	45.018260068803
1	-70	2412	45.060339127641
1	-70	2412	45.10179709246
1	-70	2412	45.142509117498
1	-70	2412	45.17924750166
1	-70	2412	45.220297708173
1	-70	2412	45.262259505112
1	-71	2412	45.303684920241
1	-70	2412	45.343878920088
1	-70	2412	45.385537289074
1	-70	2412	45.422745863044
1	-70	2412	45.139896846488
1	-70	2412	45.179415530504
1	-70	2412	45.217654468956
1	-70	2412	45.255662173358
1	-70	2412	45.293889608545
1	-70	2412	45.335671617634
1	-70	2412	45.371832316165
1	-70	2412	45.410273855017
1	-70	2412	45.451800823371
1	-70	2412	45.490329097244
1	-70	2412	45.529671085623
1	-70	2412	45.570940443171
1	-70	2412	45.601638181721
1	-71	2412	45.641449985877
1	-70	2412	45.679870549699
1	-70	2412	45.715351874829
1	-70	2412	45.756560874368
1	-70	2412	45.797972611079
1	-70	2412	45.83856015079
1	-70	2412	45.879955664502
1	-70	2412	45.92021859358
1	-70	2412	45.960137384267
1	-70	2412	46.001671478442
1	-70	2412	46.033008233409
1	-70	2412	46.068553713783
1	-70	2412	46.104026454054
1	-71	2412	46.144373099763
1	-70	2412	46.185991688065
1	-70	2412	46.227148407247
1	-70	2412	46.268123951038
1	-70	2412	46.309297936295
1	-70	2412	46.347696287709
1	-71	2412	46.388900908475
1	-70	2412	46.430079369206
1	-70	2412	46.464519821505
1	-70	2412	46.503608114724
1	-70	2412	46.540297832118
1	-70	2412	46.580278070157
1	-70	2412	46.61161150618
1	-70	2412	46.649727344756
1	-70	2412	46.690002362543
1	-71	2412	46.72872742419
1	-70	2412	46.765488244053
1	-70	2412	46.804473556418
1	-70	2412	46.844655308295
1	-71	2412	46.883547717068
1	-71	2412	46.907529058764
1	-71	2412	46.936347199517
1	-70	2412	46.973977564222
1	-70	2412	47.014707999147
1	-71	2412	47.047536352062
1	-69	2412	47.081857504395
1	-70	2412	47.121874577247
1	-70	2412	47.157207335292
1	-71	2412	47.194081666179
1	-70	2412	47.234491055737
1	-70	2412	47.273281987931
1	-70	2412	47.314779612167
1	-70	2412	47.355357437171
1	-70	2412	47.396106816654
1	-70	2412	47.435784344313
1	-70	2412	47.474688761192
1	-70	2412	47.516194095816
1	-70	2412	47.557661559263
1	-71	2412	47.596220841957
1	-70	2412	47.63767759455
1	-70	2412	47.67755501959
1	-70	2412	47.718573821112
1	-70	2412	47.760066807644
1	-70	2412	47.801595025917
1	-70	2412	47.836644443845
1	-71	2412	47.878112793158
1	-70	2412	47.919147239708
1	-70	2412	47.959424151832
1	-70	2412	47.996266552112
1	-70	2412	48.035890342824
1	-70	2412	48.073948250878
1	-70	2412	48.10651957448
1	-70	2412	48.143373021693
1	-70	2412	48.183266219975
1	-70	2412	48.222879970395
1	-70	2412	48.264177814282
1	-70	2412	48.303129062434
1	-71	2412	48.340945063987
1	-70	2412	48.380411172208
1	-70	2412	48.421046786704
1	-71	2412	48.46202384994
1	-70	2412	48.497801314811
1	-71	2412	48.537658625084
1	-70	2412	48.576546293429
1	-70	2412	48.61613896323
1	-70	2412	48.657391752409
1	-70	2412	48.698837557701
1	-70	2412	48.739660662591
1	-70	2412	48.772301005696
1	-70	2412	48.814062214787
1	-70	2412	48.85359707243
1	-70	2412	48.890218449408
1	-70	2412	48.928691932865
1	-71	2412	48.967829775996
1	-70	2412	49.009250762428
1	-71	2412	49.050621537211
1	-71	2412	49.090642138505
1	-70	2412	49.130944446247
1	-70	2412	49.170222361745
1	-70	2412	49.211539671755
1	-70	2412	49.24446788177
1	-70	2412	49.282670576192
1	-70	2412	49.324084628273
1	-70	2412	49.363270247962
1	-71	2412	49.403993558479
1	-70	2412	49.445065573407
1	-70	2412	49.485652423602
1	-70	2412	49.526963428767
1	-70	2412	49.562064792648
1	-70	2412	49.603273531464
1	-70	2412	49.644598475651
1	-71	2412	49.682846872542
1	-70	2412	49.720382330243
1	-70	2412	49.758811740029
1	-70	2412	49.79378789886
1	-70	2412	49.833663990187
1	-70	2412	49.873712379025
1	-70	2412	49.914543023283
1	-70	2412	49.95464547576
1	-70	2412	49.992785099912
1	-70	2412	50.033661338712
1	-70	2412	50.073562284669
1	-70	2412	50.114074017547
1	-70	2412	50.154919764486
1	-70	2412	50.193633461372
1	-70	2412	50.234884150133
1	-71	2412	50.276150041744
1	-70	2412	50.315038474837
1	-70	2412	50.35619384225
1	-70	2412	50.397462028808
1	-70	2412	50.435499116848
1	-70	2412	50.476878490544
1	-70	2412	50.108100176853
1	-70	2412	50.147209072392
1	-70	2412	50.187616810898
1	-71	2412	50.227973784852
1	-70	2412	50.268430622222
1	-71	2412	50.309277754007
1	-70	2412	50.348886957495
1	-70	2412	50.389209524373
1	-71	2412	50.427148747503
1	-70	2412	50.468042899317
1	-71	2412	50.508918009012
1	-71	2412	50.549886817473
1	-70	2412	50.590354960318
1	-71	2412	50.625217622113
1	-70	2412	50.666173225688
1	-70	2412	50.705744457195
1	-70	2412	50.746511381042
1	-70	2412	50.784140876171
1	-70	2412	50.824955772452
1	-70	2412	50.863817328659
1	-70	2412	50.904586090249
1	-70	2412	50.945433910799
1	-70	2412	50.98463210988
1	-70	2412	51.02421393585
1	-71	2412	51.063430973086
1	-70	2412	51.104303483801
1	-70	2412	51.143736385827
1	-70	2412	51.180287975422
1	-70	2412	51.217132870557
1	-70	2412	51.256440916076
1	-70	2412	51.296770738277
1	-71	2412	51.33721941649
1	-70	2412	51.369973457725
1	-71	2412	51.409040958183
1	-70	2412	51.449753543275
1	-70	2412	51.490067533662
1	-71	2412	51.530423396878
1	-70	2412	51.570834058526
1	-70	2412	51.61153427537
1	-70	2412	51.652376229401
1	-70	2412	51.6912562024
1	-70	2412	51.731912213989
1	-70	2412	51.771189090071
1	-70	2412	51.80895404468
1	-71	2412	51.849313530535
1	-70	2412	51.889938732606
1	-70	2412	51.930746599809
1	-70	2412	51.971544776449
1	-70	2412	52.004834444805
1	-70	2412	52.039919401172
1	-71	2412	52.077448693304
1	-70	2412	52.112475191091
1	-70	2412	52.151983856431
1	-70	2412	52.189862035092
1	-71	2412	52.229946878226
1	-70	2412	52.269563837416
1	-70	2412	52.3093174953
1	-70	2412	52.347788567134
1	-70	2412	52.388649955501
1	-70	2412	52.429409523143
1	-70	2412	52.469730765948
1	-70	2412	52.510094795172
1	-70	2412	52.55026779783
1	-70	2412	52.591096352544
1	-70	2412	52.631713905317
1	-71	2412	52.671685120781
1	-71	2412	52.711359450681
1	-70	2412	52.752161688278
1	-70	2412	52.790165243118
1	-70	2412	52.828553938461
1	-70	2412	52.866685297473
1	-71	2412	52.89804207874
1	-70	2412	52.937305826212
1	-70	2412	52.977748074469
1	-70	2412	53.008715556391
1	-70	2412	53.048622562749
1	-70	2412	53.089009193039
1	-70	2412	53.129315331412
1	-70	2412	53.167438633531
1	-70	2412	53.20413051376
1	-70	2412	53.244868678289
1	-70	2412	53.284156409233
1	-70	2412	53.323377181327
1	-70	2412	53.361147657645
1	-70	2412	53.401169534283
1	-70	2412	53.440619467014
1	-70	2412	53.47977910451
1	-71	2412	53.519949413446
1	-71	2412	53.560609124154
1	-71	2412	53.60084564157
1	-71	2412	53.638481436471
1	-70	2412	53.678669324707
1	-70	2412	53.719057059867
1	-70	2412	53.758015831264
1	-71	2412	53.796111595538
1	-70	2412	53.83573707861
1	-70	2412	53.875121314211
1	-70	2412	53.91477983828
1	-71	2412	53.954560186974
1	-70	2412	53.993275434388
1	-70	2412	54.032355740308
1	-70	2412	54.072327349949
1	-70	2412	54.111372004469
1	-71	2412	54.147793335038
1	-70	2412	54.188464331122
1	-70	2412	54.228365071986
1	-70	2412	54.267435824867
1	-71	2412	54.307572766945
1	-70	2412	54.347299163084
1	-71	2412	54.386359678216
1	-70	2412	54.426488610741
1	-70	2412	54.464160497434
1	-70	2412	54.491737797501
1	-70	2412	54.528481631124
1	-70	2412	54.569093460829
1	-70	2412	54.601546261759
1	-70	2412	54.641255062282
1	-71	2412	54.626287705639
1	-71	2412	54.663363160182
1	-70	2412	54.675640587631
1	-71	2412	54.712350507271
1	-70	2412	54.752818644879
1	-71	2412	54.791631019365
1	-70	2412	54.832186067763
1	-70	2412	54.86825809999
1	-70	2412	54.907393454978
1	-70	2412	54.947828781012
1	-70	2412	54.982024660321
1	-71	2412	55.021602308126
1	-70	2412	55.061423807523
1	-70	2412	55.101239119783
1	-70	2412	55.140252471747
1	-71	2412	55.180219006204
1	-70	2412	55.220245600043
1	-70	2412	55.26029961303
1	-71	2412	55.297870309135
1	-70	2412	55.333913348019
1	-71	2412	55.374259333639
1	-71	2412	55.412936892417
1	-71	2412	55.44662227719
1	-70	2412	55.487109405905
1	-70	2412	55.527541381814
1	-70	2412	55.568075649289
1	-70	2412	55.606539165984
1	-70	2412	55.647026991575
1	-71	2412	55.686858804419
1	-70	2412	55.725477837271
1	-70	2412	55.765432028279
1	-70	2412	55.805929815196
1	-70	2412	55.844956216563
1	-70	2412	55.877899044771
1	-70	2412	55.917972219337
1	-71	2412	55.956427156899
1	-70	2412	55.995857804761
1	-70	2412	56.034309638205
1	-70	2412	56.072050416714
1	-71	2412	56.111979461447
1	-71	2412	56.149160673901
1	-70	2412	56.189569546002
1	-71	2412	56.229893160273
1	-70	2412	56.268216075882
1	-71	2412	56.308211691267
1	-70	2412	56.348279838632
1	-70	2412	56.383363861842
1	-70	2412	56.42360522101
1	-70	2412	56.46403774766
1	-71	2412	56.503032943892
1	-70	2412	56.543381908758
1	-71	2412	56.582656134544
1	-70	2412	56.622725335524
1	-70	2412	56.663108589261
1	-70	2412	56.70014561256
1	-71	2412	56.738923040549
1	-70	2412	56.777915940209
1	-70	2412	56.818267195498
1	-70	2412	56.854994979759
1	-71	2412	56.895217314457
1	-70	2412	56.931429603759
1	-70	2412	56.971434612285
1	-70	2412	57.010112244433
1	-70	2412	57.042439789798
1	-70	2412	57.074679984718
1	-70	2412	57.114760576485
1	-71	2412	57.154635367817
1	-71	2412	57.194544181991
1	-70	2412	57.233233217284
1	-70	2412	56.941258554197
1	-70	2412	56.980723158647
1	-70	2412	57.020853912015
1	-70	2412	57.057919155302
1	-70	2412	57.096265562118
1	-70	2412	57.1359812098
1	-70	2412	57.174495865708
1	-70	2412	57.214657067166
1	-70	2412	57.160767224576
1	-70	2412	57.199182033059
1	-70	2412	57.238593923996
1	-70	2412	57.276977109061
1	-70	2412	57.316543088533
1	-70	2412	57.355147688867
1	-70	2412	57.390620103918
1	-70	2412	57.430720949481
1	-70	2412	57.468613311468
1	-70	2412	57.508729200396
1	-70	2412	57.546660239527
1	-70	2412	57.586137464189
1	-70	2412	57.618491929247
1	-70	2412	57.654777021791
1	-70	2412	57.687207268289
1	-71	2412	57.726772424695
1	-71	2412	57.766168478463
1	-70	2412	57.80045618817
1	-70	2412	57.840150917394
1	-70	2412	57.879931542785
1	-70	2412	57.911215984345
1	-71	2412	57.945961409638
1	-70	2412	57.985014782029
1	-70	2412	58.01918397665
1	-70	2412	58.055545406952
1	-70	2412	58.089992931655
1	-70	2412	58.128384919597
1	-71	2412	58.16310968814
1	-70	2412	58.201278923019
1	-70	2412	58.234080547153
1	-70	2412	58.270860152093
1	-71	2412	58.309757192963
1	-70	2412	58.342007040574
1	-70	2412	58.378717657856
1	-70	2412	58.418661452165
1	-70	2412	58.457472467883
1	-70	2412	58.493269857741
1	-70	2412	58.529192322275
1	-70	2412	58.568756431033
1	-70	2412	58.608113957817
1	-70	2412	58.647598705479
1	-70	2412	58.684911313818
1	-71	2412	58.724100853081
1	-70	2412	58.763904404108
1	-70	2412	58.803777005528
1	-70	2412	58.843289953652
1	-71	2412	58.882472998451
1	-70	2412	58.921217450669
1	-71	2412	58.960565270626
1	-70	2412	59.000381217733
1	-70	2412	59.039509179593
1	-70	2412	59.079045662772
1	-70	2412	59.112722011175
1	-70	2412	59.150981255327
1	-70	2412	59.186812760509
1	-70	2412	59.226787125126
1	-71	2412	59.266300187409
1	-70	2412	59.304435032582
1	-70	2412	59.343913414766
1	-70	2412	59.383814340459
1	-70	2412	59.422068995401
1	-70	2412	59.457684305091
1	-70	2412	59.496997853279
1	-70	2412	59.535378335469
1	-70	2412	59.575331782373
1	-70	2412	59.614943414112
1	-71	2412	59.654093361804
1	-70	2412	59.692877351864
1	-70	2412	59.731064734614
1	-70	2412	59.770005436063
1	-70	2412	59.803652676771
1	-70	2412	59.83912101801
1	-70	2412	59.877407457711
1	-71	2412	59.917316019037
1	-70	2412	59.953978006684
1	-70	2412	59.990889688048
1	-70	2412	60.029727057827
1	-70	2412	60.066937868839
1	-70	2412	60.106551878075
1	-70	2412	60.146289632533
1	-70	2412	60.186096846624
1	-70	2412	60.225335929861
1	-70	2412	60.265161714676
1	-70	2412	60.304560246974
1	-70	2412	60.340081777687
1	-70	2412	60.369045485796
1	-70	2412	60.408651085704
1	-70	2412	60.446902407937
1	-71	2412	60.482060356552
1	-70	2412	60.520350434639
1	-70	2412	60.559702108887
1	-70	2412	60.599069552403
1	-70	2412	60.629167418382
1	-70	2412	60.664737187328
1	-71	2412	60.703394166596
1	-70	2412	60.741534659139
1	-70	2412	60.778961979828
1	-70	2412	60.818605146893
1	-70	2412	60.857385077481
1	-70	2412	60.896528038539
1	-70	2412	60.936399380506
1	-70	2412	60.976129456779
1	-70	2412	61.014705723804
1	-70	2412	61.050683252442
1	-70	2412	61.088771484644
1	-71	2412	61.127100148923
1	-70	2412	61.165786304822
1	-70	2412	61.202571675824
1	-71	2412	61.240459028961
1	-71	2412	61.278909627156
1	-70	2412	61.318681942057
1	-71	2412	61.353707405805
1	-70	2412	61.392092998598
1	-70	2412	61.431425499604
1	-70	2412	61.471064603709
1	-70	2412	61.510245805526
1	-70	2412	61.546145090154
1	-70	2412	61.58572980613
1	-70	2412	61.625568251084
1	-70	2412	61.66521779344
1	-70	2412	61.702578220297
1	-70	2412	61.74155767429
1	-70	2412	61.779698140842
1	-70	2412	61.819211048692
1	-70	2412	61.849581354442
1	-70	2412	61.887542951625
1	-70	2412	61.927340551076
1	-70	2412	61.96703872564
1	-70	2412	62.003772883035
1	-70	2412	62.042942466748
1	-71	2412	62.079019200621
1	-71	2412	62.116099119585
1	-70	2412	62.155233558558
1	-70	2412	62.191965571705
1	-71	2412	62.229126950436
1	-71	2412	62.264938648274
1	-70	2412	62.304525147681
1	-70	2412	62.341036521297
1	-70	2412	62.380510305781
1	-70	2412	62.420233513458
1	-71	2412	62.459629604075
1	-70	2412	62.499142986134
1	-70	2412	62.531812957223
1	-70	2412	62.571243076926
1	-71	2412	62.609448717893
1	-70	2412	62.648101493886
1	-70	2412	62.68733673397
1	-71	2412	62.72520076502
1	-71	2412	62.759872796976
1	-71	2412	62.796915964417
1	-70	2412	62.830816253991
1	-71	2412	62.866745646105
1	-70	2412	62.905874714133
1	-70	2412	62.945922622728
1	-70	2412	62.502990734878
1	-70	2412	62.541887316898
1	-70	2412	62.573909695829
1	-70	2412	62.61123723558
1	-70	2412	62.645963311789
1	-70	2412	62.683720333742
1	-70	2412	62.713027868858
1	-70	2412	62.751514484359
1	-71	2412	62.790884973197
1	-70	2412	62.82798840224
1	-70	2412	62.86203144488
1	-70	2412	62.901279674624
1	-71	2412	62.936996494254
1	-71	2412	62.975759722191
1	-70	2412	63.010082437306
1	-70	2412	63.046366056771
1	-70	2412	63.085307468138
1	-70	2412	63.124609155013
1	-70	2412	63.154432843994
1	-70	2412	63.191680334925
1	-70	2412	63.229568337533
1	-70	2412	63.267732750406
1	-71	2412	63.304174194475
1	-70	2412	63.339937911241
1	-70	2412	63.373366838409
1	-70	2412	63.412543301164
1	-70	2412	63.451776909659
1	-70	2412	63.488518594452
1	-70	2412	63.527223195733
1	-70	2412	63.566505909418
1	-71	2412	63.602752469564
1	-70	2412	63.641964055652
1	-70	2412	63.667595236505
1	-70	2412	63.706776955875
1	-70	2412	63.745899058087
1	-71	2412	63.784363005746
1	-71	2412	63.813451270557
1	-70	2412	63.847716137618
1	-70	2412	63.880735161602
1	-70	2412	63.917863100485
1	-70	2412	63.945470993125
1	-70	2412	63.983951625399
1	-71	2412	64.019271554098
1	-70	2412	64.054091964592
1	-70	2412	64.091151892378
1	-70	2412	64.123562853001
1	-70	2412	64.16268801147
1	-70	2412	64.19904371307
1	-70	2412	64.237929409856
1	-70	2412	64.276078364378
1	-70	2412	64.309024484172
1	-70	2412	64.344083606843
1	-70	2412	64.380965739815
1	-70	2412	64.419439372444
1	-71	2412	64.458598902689
1	-70	2412	64.496976406822
1	-71	2412	64.53572147916
1	-71	2412	64.574933930483
1	-70	2412	64.612226319407
1	-70	2412	64.651150901056
1	-70	2412	64.690031038658
1	-70	2412	64.728657926335
1	-70	2412	64.767914399847
1	-71	2412	64.708067684259
1	-70	2412	64.738825973708
1	-70	2412	64.771854349668
1	-71	2412	64.810732171695
1	-70	2412	64.849757525409
1	-70	2412	64.888289812071
1	-70	2412	64.92728348951
1	-70	2412	64.961649206612
1	-70	2412	64.994531631517
1	-71	2412	65.032869554376
1	-70	2412	65.071754953496
1	-70	2412	65.110903199131
1	-70	2412	65.147603977562
1	-70	2412	65.186508014673
1	-70	2412	65.222120428006
1	-70	2412	65.260186606333
1	-70	2412	65.298349123118
1	-70	2412	65.336909036198
1	-70	2412	65.37577689139
1	-70	2412	65.414489148031
1	-70	2412	65.45335948679
1	-71	2412	65.483547417548
1	-71	2412	65.512550511131
1	-70	2412	65.550608267157
1	-71	2412	65.588952341534
1	-70	2412	65.62643955552
1	-70	2412	65.663625267995
1	-70	2412	65.700967322693
1	-71	2412	65.731823549576
1	-70	2412	65.770112910301
1	-71	2412	65.809180831634
1	-70	2412	65.846282675936
1	-70	2412	65.885393587624
1	-70	2412	65.923106409099
1	-70	2412	65.957751980473
1	-70	2412	65.993899751594
1	-70	2412	66.029332708704
1	-70	2412	66.068252834754
1	-71	2412	66.104279194449
1	-71	2412	66.141094879924
1	-71	2412	66.179607335249
1	-70	2412	66.217353657774
1	-70	2412	66.250413915081
1	-70	2412	66.289426908401
1	-70	2412	66.328220465605
1	-71	2412	66.364379330227
1	-70	2412	66.403314984366
1	-70	2412	66.434881207995
1	-71	2412	66.472099454559
1	-70	2412	66.51068827813
1	-70	2412	66.544722536044
1	-70	2412	66.58326842647
1	-70	2412	66.621403766845
1	-70	2412	66.659029787202
1	-70	2412	66.694086422357
1	-70	2412	66.732463726664
1	-70	2412	66.768001888386
1	-70	2412	66.806713944526
1	-71	2412	66.844196887042
1	-70	2412	66.88153634285
1	-70	2412	66.920187859901
1	-70	2412	66.95913391973
1	-70	2412	66.995741850163
1	-70	2412	67.03471406992
1	-70	2412	67.072279877699
1	-70	2412	67.108390915893
1	-70	2412	67.147351772294
1	-70	2412	67.186311347759
1	-70	2412	67.225269000237
1	-70	2412	67.264249142847
1	-71	2412	67.302486844892
1	-71	2412	67.339479243209
1	-70	2412	67.377927056154
1	-71	2412	67.416875883173
1	-70	2412	67.455714554691
1	-70	2412	67.491752522679
1	-71	2412	67.530751273672
1	-71	2412	67.569730738314
1	-70	2412	67.541049251065
1	-71	2412	67.575162548298
1	-70	2412	67.609376292706
1	-71	2412	67.648125573555
1	-70	2412	67.685339556969
1	-70	2412	67.722014398221
1	-70	2412	67.759019067851
1	-70	2412	67.797978169654
1	-70	2412	67.833833617191
1	-71	2412	67.868787736798
1	-71	2412	67.900076964684
1	-70	2412	67.935717251944
1	-70	2412	67.972661218507
1	-71	2412	68.011282963245
1	-70	2412	68.047848180864
1	-70	2412	68.083601774709
1	-70	2412	68.119461950825
1	-71	2412	68.158170101923
1	-70	2412	68.193738925638
1	-70	2412	68.230589277298
1	-70	2412	68.269164155899
1	-70	2412	68.304784941807
1	-70	2412	68.34208908423
1	-71	2412	68.370531837154
1	-70	2412	68.409342870132
1	-70	2412	68.448253673923
1	-70	2412	68.486262916332
1	-70	2412	68.519123236048
1	-70	2412	68.557589093448
1	-70	2412	68.039328807336
1	-70	2412	68.07504784436
1	-70	2412	68.109299028052
1	-70	2412	68.144321079152
1	-70	2412	68.171895581098
1	-70	2412	68.206213730702
1	-70	2412	68.241205733485
1	-70	2412	68.278184464197
1	-70	2412	68.310840804134
1	-71	2412	68.348869303489
1	-70	2412	68.381338150776
1	-70	2412	68.407211335545
1	-70	2412	68.442330557691
1	-70	2412	68.480838732218
1	-70	2412	68.515737577506
1	-70	2412	68.533089867572
1	-70	2412	68.565194103524
1	-70	2412	68.599778512715
1	-70	2412	68.634673151012
1	-71	2412	68.671891957982
1	-70	2412	68.703403142522
1	-70	2412	68.740579626288
1	-70	2412	68.775599158779
1	-70	2412	68.806303810013
1	-70	2412	68.843146306526
1	-70	2412	68.877615221037
1	-70	2412	68.899166506027
1	-70	2412	68.935957804202
1	-70	2412	68.973279817647
1	-70	2412	69.011723866927
1	-70	2412	69.049015001772
1	-70	2412	69.085989941507
1	-71	2412	69.11437880999
1	-70	2412	69.151132938865
1	-70	2412	69.186459978863
1	-70	2412	69.223436421522
1	-70	2412	69.258520793744
1	-70	2412	69.295635128344
1	-70	2412	69.334100023749
1	-70	2412	69.370033167215
1	-70	2412	69.408436203488
1	-70	2412	69.446759532194
1	-70	2412	69.484594017508
1	-70	2412	69.513324196503
1	-71	2412	69.547363761971
1	-70	2412	69.585680766248
1	-70	2412	69.62394599804
1	-70	2412	69.662257761489
1	-70	2412	69.696010226248
1	-70	2412	69.73369065953
1	-70	2412	69.771900525378
1	-70	2412	69.810277892284
1	-70	2412	69.846755746875
1	-70	2412	69.884820468255
1	-70	2412	69.920229868032
1	-70	2412	69.958149847449
1	-70	2412	69.996394920238
1	-71	2412	70.03251874489
1	-70	2412	70.070171729338
1	-70	2412	70.097285580239
1	-70	2412	70.135393878768
1	-70	2412	70.173221384104
1	-70	2412	70.210073327732
1	-70	2412	70.245354104516
1	-70	2412	70.283198297605
1	-70	2412	70.321466827055
1	-71	2412	70.35936468043
1	-70	2412	70.394548159931
1	-70	2412	70.427309828467
1	-70	2412	70.459598037105
1	-70	2412	70.497858847118
1	-70	2412	70.535915355948
1	-70	2412	70.574298265577
1	-70	2412	70.608403283136
1	-70	2412	70.643442498539
1	-70	2412	70.679465653623
1	-70	2412	70.717810728387
1	-70	2412	70.756143303144
1	-70	2412	70.790035444778
1	-71	2412	70.720226879428
1	-70	2412	70.758585043901
1	-70	2412	70.794829311184
1	-70	2412	70.832190746903
1	-70	2412	70.870318435133
1	-70	2412	70.905733176544
1	-70	2412	70.943953997455
1	-71	2412	70.97829150227
1	-70	2412	71.004924018173
1	-70	2412	71.039189951617
1	-70	2412	71.076819460563
1	-70	2412	71.111885606794
1	-70	2412	71.149243812511
1	-70	2412	71.185011073391
1	-70	2412	71.222074978271
1	-71	2412	71.25633759522
1	-70	2412	71.294071513872
1	-70	2412	71.32326133238
1	-70	2412	71.361036371709
1	-70	2412	71.393523958604
1	-71	2412	71.344148062933
1	-70	2412	71.312432101113
1	-70	2412	71.308809476045
1	-70	2412	71.085098184824
1	-70	2412	71.121693768946
1	-70	2412	71.157036494629
1	-70	2412	71.080758802506
1	-70	2412	71.112472318328
1	-70	2412	71.149640572233
1	-70	2412	71.179541889552
1	-70	2412	71.217445713499
1	-70	2412	71.253195719735
1	-70	2412	71.28924803335
1	-70	2412	71.327054763777
1	-70	2412	71.364934545836
1	-70	2412	71.402863595101
1	-70	2412	71.440495271955
1	-70	2412	71.478115542687
1	-70	2412	71.514689187664
1	-71	2412	71.55067101218
1	-70	2412	71.583911484259
1	-70	2412	71.619143708692
1	-70	2412	71.656528838708
1	-70	2412	71.684461588181
1	-70	2412	71.722267912365
1	-71	2412	71.759512818665
1	-70	2412	71.797393779318
1	-70	2412	71.835221512173
1	-70	2412	71.87085404985
1	-70	2412	71.908438357628
1	-70	2412	71.940786989321
1	-70	2412	71.978405213395
1	-70	2412	72.014345946173
1	-70	2412	72.052077645763
1	-70	2412	72.089791975603
1	-70	2412	72.122733572471
1	-70	2412	72.158570645808
1	-70	2412	72.196185133831
1	-70	2412	72.233366778011
1	-70	2412	72.271020532975
1	-70	2412	72.308782405089
1	-70	2412	72.346319925243
1	-70	2412	72.382964480865
1	-70	2412	72.420140761734
1	-70	2412	72.454644319587
1	-70	2412	72.492312495371
1	-71	2412	72.529468083736
1	-70	2412	72.566020034733
1	-70	2412	72.601720067104
1	-70	2412	72.639252263687
1	-70	2412	72.677040796878
1	-70	2412	72.71062988251
1	-70	2412	72.747379748522
1	-70	2412	72.781418302849
1	-70	2412	72.818607966156
1	-70	2412	72.856253080011
1	-70	2412	72.893505029713
1	-70	2412	72.93104571203
1	-70	2412	72.966930115156
1	-70	2412	73.003533240232
1	-70	2412	73.036988236133
1	-70	2412	73.074844079958
1	-70	2412	73.112402929025
1	-70	2412	73.147748396494
1	-70	2412	73.185250349086
1	-71	2412	73.222723655775
1	-70	2412	73.258061952289
1	-70	2412	73.295849572772
1	-70	2412	73.333619005912
1	-70	2412	73.37121430099
1	-70	2412	73.40881300265
1	-70	2412	73.443119201508
1	-70	2412	73.480813794641
1	-70	2412	73.339344197788
1	-70	2412	73.376736173462
1	-69	2412	73.414212989524
1	-70	2412	73.451001773552
1	-70	2412	73.485344737164
1	-70	2412	73.520715023062
1	-70	2412	73.55833319806
1	-70	2412	73.595798942773
1	-70	2412	73.630685554555
1	-70	2412	73.666733432094
1	-70	2412	73.702843392261
1	-70	2412	73.73791838674
1	-70	2412	73.773623948068
1	-70	2412	73.809529324678
1	-70	2412	73.847030602944
1	-70	2412	73.883911934171
1	-70	2412	73.921279636179
1	-70	2412	73.956654861987
1	-70	2412	73.993882473495
1	-70	2412	74.028856124851
1	-70	2412	74.062629330409
1	-70	2412	74.099681523236
1	-70	2412	74.137179063259
1	-70	2412	74.174765850527
1	-71	2412	74.208575717047
1	-70	2412	74.246250218392
1	-70	2412	74.28333276487
1	-70	2412	74.320714654206
1	-70	2412	74.354401194615
1	-70	2412	74.391568647077
1	-70	2412	74.427923043219
1	-70	2412	74.464288146499
1	-70	2412	74.500604732846
1	-70	2412	74.535632246568
1	-70	2412	74.573304466363
1	-70	2412	74.610287125276
1	-71	2412	74.645983674364
1	-70	2412	74.68324731876
1	-70	2412	74.720785764811
1	-70	2412	74.758215152859
1	-70	2412	74.793736223712
1	-70	2412	74.831212493428
1	-70	2412	74.868221694989
1	-70	2412	74.905816313258
1	-70	2412	74.941463872023
1	-70	2412	74.973151567522
1	-70	2412	75.010801223885
1	-70	2412	75.047620899564
1	-70	2412	75.083730872985
1	-70	2412	75.121089988696
1	-70	2412	75.158481742298
1	-70	2412	75.193930613769
1	-70	2412	75.23128464548
1	-70	2412	75.268868199614
1	-70	2412	75.30651042525
1	-70	2412	75.339838734452
1	-70	2412	75.373905994897
1	-70	2412	75.407840133208
1	-70	2412	75.445470192493
1	-70	2412	75.481127778467
1	-70	2412	75.518596283387
1	-70	2412	75.554056176226
1	-70	2412	75.591651060755
1	-70	2412	75.625779115268
1	-70	2412	75.662639707047
1	-70	2412	75.69955160434
1	-70	2412	75.735058495679
1	-70	2412	75.771122896743
1	-70	2412	75.802399060921
1	-70	2412	75.838734297183
1	-70	2412	75.876340345415
1	-70	2412	75.907661199938
1	-70	2412	75.940450422258
1	-70	2412	75.976074568894
1	-70	2412	76.013238980771
1	-70	2412	76.039838771723
1	-70	2412	76.075331624247
1	-70	2412	76.111284422339
1	-70	2412	76.145192974009
1	-70	2412	76.181076385684
1	-70	2412	76.213609836696
1	-70	2412	76.249926947884
1	-70	2412	76.286260085758
1	-70	2412	76.323061419424
1	-70	2412	76.357250460467
1	-70	2412	76.391413609771
1	-70	2412	76.427245938432
1	-70	2412	76.462669251358
1	-70	2412	76.493791210431
1	-70	2412	76.529431141015
1	-70	2412	76.559130578203
1	-70	2412	76.594262850577
1	-70	2412	76.626384188109
1	-70	2412	76.663831824088
1	-70	2412	76.700042568485
1	-70	2412	76.735355146088
1	-70	2412	76.764528355607
1	-70	2412	76.80203508036
1	-70	2412	76.82145879675
1	-70	2412	76.732436172724
1	-70	2412	76.769580775051
1	-70	2412	76.803408599769
1	-70	2412	76.837135366523
1	-70	2412	76.857645834217
1	-70	2412	76.888073241927
1	-70	2412	76.924798519973
1	-70	2412	76.954359199064
1	-69	2412	76.989651717691
1	-70	2412	77.022983502997
1	-70	2412	77.053983287815
1	-70	2412	77.089698679199
1	-70	2412	76.869935736425
1	-70	2412	76.89974402035
1	-70	2412	76.924825900369
1	-70	2412	76.957739536628
1	-70	2412	76.994335473522
1	-70	2412	77.030428705571
1	-70	2412	77.049704045267
1	-70	2412	77.071469794475
1	-70	2412	77.103925059726
1	-70	2412	77.128196491332
1	-70	2412	77.162505504334
1	-70	2412	77.193525691984
1	-69	2412	77.216360297426
1	-70	2412	77.229673260733
1	-70	2412	77.265672515839
1	-70	2412	77.297711769762
1	-69	2412	77.33480047557
1	-70	2412	77.364265513143
1	-70	2412	77.401432479285
1	-70	2412	77.430633970956
1	-70	2412	77.463123139032
1	-70	2412	77.496801198971
1	-70	2412	77.530923144154
1	-70	2412	77.567470649938
1	-70	2412	77.604433599165
1	-70	2412	77.63798648323
1	-70	2412	77.672991351857
1	-70	2412	77.708660155327
1	-70	2412	77.743476670825
1	-70	2412	77.776077947283
1	-70	2412	77.547554525341
1	-70	2412	77.573824914467
1	-70	2412	77.605826928165
1	-70	2412	77.638713108075
1	-70	2412	77.673461723523
1	-70	2412	77.70928617109
1	-70	2412	77.732918555225
1	-70	2412	77.769502164431
1	-70	2412	77.803277023019
1	-70	2412	77.835531344466
1	-70	2412	77.864555872608
1	-70	2412	77.894033570931
1	-70	2412	77.91021255535
1	-70	2412	77.943598262937
1	-70	2412	77.973696252434
1	-70	2412	78.005737447346
1	-70	2412	78.042739363593
1	-70	2412	78.076243275837
1	-70	2412	78.112540330907
1	-70	2412	78.14226006067
1	-70	2412	78.175979826518
1	-70	2412	78.212919782502
1	-70	2412	78.244966437858
1	-70	2412	78.273300275298
1	-70	2412	78.303686660929
1	-70	2412	78.340539616708
1	-70	2412	78.374070503562
1	-70	2412	78.409577719753
1	-70	2412	78.443097917794
1	-70	2412	78.469360972782
1	-70	2412	78.505848587274
1	-70	2412	78.535570116286
1	-70	2412	78.553772939146
1	-70	2412	78.585757496763
1	-70	2412	78.622490887325
1	-70	2412	78.659293729589
1	-70	2412	78.689276408677
1	-70	2412	78.716677705787
1	-70	2412	78.722156981598
1	-70	2412	78.755247562991
1	-70	2412	78.791753143492
1	-70	2412	78.802650752283
1	-70	2412	78.825110007658
1	-70	2412	78.861726013975
1	-70	2412	78.895418314923
1	-70	2412	78.919725924368
1	-70	2412	78.956484383067
1	-70	2412	78.992675796521
1	-70	2412	79.020358457342
1	-70	2412	79.056686863904
1	-70	2412	79.091908741643
1	-70	2412	79.123847908972
1	-70	2412	79.143313899047
1	-70	2412	78.838586894302
1	-70	2412	78.871074106725
1	-70	2412	78.90237229683
1	-70	2412	78.933365493744
1	-70	2412	78.968472918349
1	-70	2412	79.005083865018
1	-70	2412	79.035959819403
1	-70	2412	79.071713592849
1	-71	2412	79.108242542335
1	-70	2412	79.140029006008
1	-70	2412	79.17058822548
1	-70	2412	79.206569491611
1	-70	2412	79.238886841978
1	-70	2412	79.274558649911
1	-70	2412	79.294168682463
1	-70	2412	79.324104616071
1	-70	2412	79.359258513955
1	-70	2412	79.385853239451
1	-70	2412	79.415904274892
1	-70	2412	79.43312119999
1	-70	2412	79.469429115348
1	-70	2412	79.494986274825
1	-70	2412	79.529774453939
1	-70	2412	79.554908315381
1	-70	2412	79.588476050731
1	-70	2412	79.611815297629
1	-70	2412	79.39629018863
1	-70	2412	79.428326658034
1	-70	2412	79.463081327225
1	-70	2412	79.499580719603
1	-70	2412	79.535719315194
1	-70	2412	79.571265995173
1	-70	2412	79.607293728744
1	-70	2412	79.643463657671
1	-70	2412	79.679912537991
1	-70	2412	79.715138557515
1	-70	2412	79.749560258181
1	-70	2412	79.786034506102
1	-70	2412	79.821679743528
1	-70	2412	79.851810015362
1	-70	2412	79.887913810662
1	-70	2412	79.922912007929
1	-70	2412	79.956966807254
1	-70	2412	79.993118921113
1	-70	2412	80.029453487587
1	-70	2412	80.060931235288
1	-70	2412	80.093348814787
1	-70	2412	80.123625753837
1	-70	2412	80.159267632401
1	-70	2412	80.195737714142
1	-71	2412	80.225729380925
1	-71	2412	80.261787163691
1	-70	2412	80.2932457085
1	-70	2412	80.329531366933
1	-70	2412	80.361050960648
1	-70	2412	80.393411188242
1	-70	2412	80.425747007141
1	-70	2412	80.456607337152
1	-71	2412	80.490532198719
1	-70	2412	80.526913704687
1	-70	2412	80.561171220676
1	-70	2412	80.593953815907
1	-70	2412	80.627069210503
1	-70	2412	80.661120603397
1	-70	2412	80.697331884029
1	-70	2412	80.733673600018
1	-70	2412	80.76543946867
1	-70	2412	80.799279205578
1	-70	2412	80.833898710974
1	-70	2412	80.867715081349
1	-70	2412	80.904033240983
1	-70	2412	80.940100095538
1	-70	2412	80.97099565489
1	-70	2412	81.003690658848
1	-70	2412	81.037834913396
1	-70	2412	81.073706021788
1	-70	2412	81.109441952584
1	-70	2412	81.019848327554
1	-70	2412	81.0542964351
1	-70	2412	81.090556938713
1	-70	2412	81.124844579218
1	-70	2412	81.158735444812
1	-70	2412	81.18475314825
1	-70	2412	81.21684380774
1	-70	2412	81.253116080897
1	-70	2412	81.287025591047
1	-70	2412	81.323046768028
1	-70	2412	81.358717554927
1	-70	2412	81.394808731092
1	-70	2412	81.430996928264
1	-71	2412	81.465296537387
1	-71	2412	81.491466380024
1	-70	2412	81.521159047053
1	-70	2412	81.557170762113
1	-70	2412	81.586634352366
1	-70	2412	81.622827401303
1	-70	2412	81.659019311944
1	-70	2412	81.695182347296
1	-70	2412	81.730503730738
1	-70	2412	81.766803615473
1	-70	2412	81.802848855076
1	-70	2412	81.839006164719
1	-70	2412	81.872534246048
1	-70	2412	81.908691039904
1	-70	2412	81.945009919357
1	-70	2412	81.98046873332
1	-70	2412	82.016117027852
1	-70	2412	82.052073777609
1	-70	2412	82.088310042574
1	-70	2412	82.120587032435
1	-70	2412	82.156831178969
1	-70	2412	82.190702338675
1	-70	2412	82.226954338523
1	-70	2412	82.263123718548
1	-70	2412	82.298738492525
1	-71	2412	82.334452407689
1	-70	2412	82.368602376893
1	-70	2412	82.398088132864
1	-70	2412	82.434221965957
1	-70	2412	82.468147686268
1	-70	2412	82.503629264338
1	-70	2412	82.539670720836
1	-70	2412	82.573428371586
1	-70	2412	82.608253150181
1	-70	2412	82.642565148355
1	-70	2412	82.67872349942
1	-70	2412	82.710900018528
1	-70	2412	82.747126091198
1	-70	2412	82.778321852196
1	-70	2412	82.81448600938
1	-70	2412	82.849978312788
1	-70	2412	82.886226519357
1	-70	2412	82.921849016308
1	-70	2412	82.957873487895
1	-70	2412	82.991024977502
1	-70	2412	83.025457127169
1	-70	2412	83.059493184661
1	-70	2412	83.092122789503
1	-70	2412	83.124089963107
1	-70	2412	83.160238575088
1	-70	2412	83.196385333857
1	-71	2412	83.232561430368
1	-70	2412	83.266234920345
1	-70	2412	83.301949961696
1	-70	2412	83.337953518933
1	-70	2412	83.374178262325
1	-70	2412	83.409124250391
1	-70	2412	83.441654779531
1	-70	2412	83.47741781647
1	-70	2412	83.512041836991
1	-70	2412	83.547803064458
1	-70	2412	83.581569221834
1	-70	2412	83.617694511989
1	-70	2412	83.652367406828
1	-70	2412	83.682536538574
1	-70	2412	83.71795803061
1	-70	2412	83.754121808728
1	-70	2412	83.790244160115
1	-70	2412	83.826363161208
1	-70	2412	83.861503567215
1	-70	2412	83.897593008974
1	-70	2412	83.933379676146
1	-70	2412	83.966274711619
1	-70	2412	84.001927110038
1	-70	2412	84.03749709423
1	-70	2412	84.072288150668
1	-70	2412	84.107962714515
1	-70	2412	84.142845070462
1	-70	2412	84.179110062473
1	-70	2412	84.179938259073
1	-70	2412	84.215327917088
1	-70	2412	84.247193972795
1	-70	2412	84.282772660868
1	-70	2412	84.318069576463
1	-70	2412	84.354206603443
1	-70	2412	84.389907932175
1	-70	2412	84.425989998884
1	-70	2412	84.461196467743
1	-70	2412	84.494823158987
1	-70	2412	84.530491588167
1	-70	2412	84.565750971805
1	-70	2412	84.601300289481
1	-70	2412	84.637231129015
1	-70	2412	84.672057151592
1	-70	2412	84.707422146772
1	-70	2412	84.743516242477
1	-71	2412	84.77686855619
1	-70	2412	84.812670757622
1	-70	2412	84.845131105115
1	-70	2412	84.881275596654
1	-70	2412	84.91727761189
1	-70	2412	84.952031492288
1	-70	2412	84.978011211687
1	-70	2412	85.009942818557
1	-70	2412	85.040485354676
1	-70	2412	85.065643984607
1	-70	2412	85.101118595682
1	-70	2412	85.131845661935
1	-70	2412	85.166690566887
1	-70	2412	85.202659724714
1	-70	2412	85.238573855059
1	-70	2412	85.274142928929
1	-70	2412	85.30826244335
1	-70	2412	85.341980589655
1	-70	2412	85.376707285244
1	-70	2412	85.412689976591
1	-70	2412	85.447847907282
1	-70	2412	85.483879727041
1	-70	2412	85.519816835779
1	-70	2412	85.548766561042
1	-70	2412	85.584243835199
1	-70	2412	85.615258161582
1	-70	2412	85.637434569297
1	-70	2412	85.668732902721
1	-70	2412	85.698056271958
1	-70	2412	85.729360484578
1	-70	2412	85.754019637035
1	-71	2412	85.767736125437
1	-70	2412	85.794872359251
1	-70	2412	85.810837970602
1	-70	2412	85.36426737324
1	-70	2412	85.398429098792
1	-70	2412	85.432030598508
1	-70	2412	85.458475933254
1	-70	2412	85.482202046258
1	-70	2412	85.514233963436
1	-70	2412	85.549687598461
1	-70	2412	85.578019687787
1	-70	2412	85.611377831987
1	-70	2412	85.644457015499
1	-70	2412	85.665971481996
1	-70	2412	85.698858245308
1	-70	2412	85.734631990984
1	-70	2412	85.770387265956
1	-70	2412	85.80502021316
1	-70	2412	85.840597071601
1	-70	2412	85.875858828913
1	-70	2412	85.904595081774
1	-70	2412	85.934725346392
1	-70	2412	85.970265817893
1	-70	2412	86.004195624496
1	-70	2412	86.038971277608
1	-70	2412	86.07462033058
1	-70	2412	86.1097825793
1	-70	2412	86.144000508383
1	-70	2412	86.177310354799
1	-70	2412	86.211283832946
1	-70	2412	86.237081230362
1	-70	2412	86.272697403897
1	-70	2412	86.304580072222
1	-71	2412	86.334774750296
1	-70	2412	86.360538082792
1	-70	2412	86.391820933147
1	-70	2412	86.426075771489
1	-70	2412	86.46187508076
1	-70	2412	86.493912908398
1	-70	2412	86.529608749688
1	-70	2412	86.559747085734
1	-70	2412	86.593953184723
1	-70	2412	86.624198416899
1	-70	2412	86.655551481695
1	-70	2412	86.664910493098
1	-70	2412	86.698085256683
1	-70	2412	86.73381971009
1	-70	2412	86.752338833459
1	-70	2412	86.768428910264
1	-70	2412	86.801615833222
1	-70	2412	86.822512699533
1	-70	2412	86.854614067587
1	-70	2412	86.87477313054
1	-70	2412	86.90129034081
1	-70	2412	86.932775384348
1	-70	2412	86.961514773565
1	-70	2412	86.990755701769
1	-70	2412	87.018012977547
1	-70	2412	87.051694568298
1	-70	2412	87.085097721006
1	-71	2412	87.116907985453
1	-70	2412	87.134512954036
1	-70	2412	87.168745726337
1	-70	2412	87.198166751151
1	-70	2412	87.211509454939
1	-70	2412	87.246827039755
1	-70	2412	87.279996222335
1	-70	2412	87.312884599718
1	-70	2412	87.344336631764
1	-70	2412	87.37945913799
1	-70	2412	87.412271099431
1	-71	2412	87.443751335822
1	-70	2412	87.464903430514
1	-70	2412	87.498188091485
1	-70	2412	87.529911117379
1	-70	2412	87.562818027023
1	-70	2412	87.594753378497
1	-70	2412	87.474454342825
1	-70	2412	87.509677640566
1	-70	2412	87.544736067723
1	-70	2412	87.571526976929
1	-70	2412	87.58614011984
1	-70	2412	87.610665375995
1	-70	2412	87.642698350466
1	-70	2412	87.678151213316
1	-70	2412	87.70612409629
1	-70	2412	87.741684989128
1	-70	2412	87.769326674995
1	-71	2412	87.801067845642
1	-70	2412	87.836553441122
1	-70	2412	87.87198870345
1	-70	2412	87.897012964812
1	-70	2412	87.932469014833
1	-70	2412	87.96143664941
1	-70	2412	87.991130119978
1	-70	2412	88.023746654658
1	-70	2412	88.042568173652
1	-70	2412	88.074304558141
1	-70	2412	88.109274362344
1	-70	2412	88.137367361374
1	-70	2412	88.173118755054
1	-70	2412	88.090512097478
1	-70	2412	88.126344750509
1	-70	2412	88.162987215714
1	-70	2412	88.197627630534
1	-70	2412	88.232810527624
1	-70	2412	88.268678591086
1	-70	2412	88.304033904893
1	-70	2412	88.338410739457
1	-70	2412	88.373483738286
1	-70	2412	88.409392879039
1	-70	2412	88.444254005766
1	-70	2412	88.480191650472
1	-70	2412	88.514228955024
1	-70	2412	88.550331135066
1	-70	2412	88.33241943589
1	-70	2412	87.883015552513
1	-69	2412	87.917988780519
1	-70	2412	87.952898347177
1	-70	2412	87.985230028774
1	-70	2412	88.004831197835
1	-70	2412	88.037338323429
1	-70	2412	88.071391045533
1	-70	2412	88.106255458309
1	-70	2412	88.140568518248
1	-70	2412	88.17387328525
1	-70	2412	88.208272250853
1	-70	2412	88.243404035629
1	-70	2412	88.278387150399
1	-70	2412	88.311254050019
1	-70	2412	88.345696597483
1	-70	2412	88.380539071072
1	-70	2412	88.415165771188
1	-70	2412	88.450126906827
1	-70	2412	88.483892068978
1	-70	2412	88.51674384706
1	-70	2412	88.551549235849
1	-70	2412	88.585915795288
1	-70	2412	88.621766190867
1	-70	2412	88.65678713754
1	-70	2412	88.691206738205
1	-70	2412	88.710195680559
1	-70	2412	88.741257368585
1	-70	2412	88.75771984648
1	-70	2412	88.792589945244
1	-70	2412	88.826891847479
1	-70	2412	88.860637249877
1	-69	2412	88.892303449995
1	-70	2412	88.923635172007
1	-70	2412	88.958343826492
1	-70	2412	88.992852379177
1	-70	2412	89.027778939432
1	-70	2412	89.062738339844
1	-70	2412	89.096711385384
1	-70	2412	89.131635084083
1	-70	2412	89.160181861892
1	-70	2412	89.174065020908
1	-70	2412	89.208839989842
1	-70	2412	89.243823117857
1	-70	2412	89.275966729884
1	-70	2412	89.300442032516
1	-70	2412	89.327266986424
1	-70	2412	89.362288901729
1	-70	2412	89.397015844984
1	-70	2412	89.429840146
1	-70	2412	89.461699681198
1	-70	2412	89.49609828161
1	-70	2412	89.528956971331
1	-70	2412	89.553466016859
1	-70	2412	89.587695673445
1	-70	2412	89.620656931065
1	-70	2412	89.655614349459
1	-70	2412	89.688610169975
1	-70	2412	89.715112079477
1	-70	2412	89.750221627096
1	-70	2412	89.784427129146
1	-70	2412	89.819325538132
1	-70	2412	89.847780191976
1	-70	2412	89.88267405601
1	-70	2412	89.914045266052
1	-70	2412	89.948761444502
1	-70	2412	89.977235666518
1	-70	2412	90.009964119786
1	-70	2412	90.042115468751
1	-70	2412	90.077117257281
1	-70	2412	90.108264138791
1	-70	2412	90.139891391311
1	-70	2412	90.170940922036
1	-70	2412	90.205136922838
1	-70	2412	90.237651224732
1	-70	2412	90.272491131895
1	-70	2412	90.306542357932
1	-70	2412	90.340371728625
1	-70	2412	90.361063088708
1	-70	2412	90.391148205593
1	-70	2412	90.42230115989
1	-70	2412	90.457100500492
1	-70	2412	90.487052889371
1	-70	2412	90.521363334214
1	-70	2412	90.546545474628
1	-70	2412	90.581499978451
1	-70	2412	90.606683088228
1	-70	2412	90.635680746373
1	-70	2412	90.670501154504
1	-70	2412	90.701542409564
1	-70	2412	90.732859840264
1	-70	2412	90.767623382533
1	-70	2412	90.802263486748
1	-70	2412	90.836707854875
1	-70	2412	90.865886776925
1	-70	2412	90.89951815248
1	-70	2412	90.929849432533
1	-70	2412	90.959206195484
1	-70	2412	90.989429611373
1	-70	2412	91.017307002033
1	-70	2412	91.05030147047
1	-70	2412	91.081468202834
1	-70	2412	91.113980879867
1	-70	2412	91.148367835845
1	-70	2412	91.182662140265
1	-70	2412	91.213777155486
1	-70	2412	91.245404440056
1	-70	2412	91.279568710371
1	-70	2412	91.310631009248
1	-70	2412	91.343113172905
1	-70	2412	91.36032262961
1	-70	2412	91.387541308204
1	-70	2412	91.41628503186
1	-70	2412	91.450690078705
1	-70	2412	91.480819043937
1	-70	2412	91.514717950929
1	-70	2412	91.548573330049
1	-70	2412	91.581673561493
1	-70	2412	91.596724842462
1	-70	2412	91.628889682783
1	-70	2412	91.663259562956
1	-70	2412	91.698296876752
1	-70	2412	91.721304267824
1	-70	2412	91.755781003858
1	-70	2412	91.790496996631
1	-70	2412	91.819543007839
1	-70	2412	91.849845486117
1	-70	2412	91.883868819816
1	-70	2412	91.918456161643
1	-70	2412	91.952516959124
1	-70	2412	91.985090742449
1	-70	2412	92.019658588363
1	-70	2412	92.047392882741
1	-70	2412	92.063927943068
1	-70	2412	92.086188547456
1	-70	2412	92.119218142664
1	-70	2412	92.153490013001
1	-70	2412	92.184849890297
1	-70	2412	92.218285663795
1	-70	2412	92.239570726878
1	-70	2412	91.858093390569
1	-70	2412	91.887131876369
1	-70	2412	91.914621224271
1	-70	2412	91.936688264545
1	-70	2412	91.971281463293
1	-70	2412	91.995074218507
1	-70	2412	92.025637303738
1	-70	2412	92.060059636903
1	-70	2412	92.090803612879
1	-70	2412	92.123363088222
1	-70	2412	92.136998899894
1	-70	2412	92.171507564929
1	-70	2412	92.202199758384
1	-70	2412	92.233939706304
1	-70	2412	92.264389800054
1	-70	2412	92.298699955717
1	-70	2412	92.333221588178
1	-70	2412	92.367772232986
1	-70	2412	92.399889095586
1	-70	2412	92.433863062358
1	-70	2412	92.467676479611
1	-70	2412	92.500530918926
1	-70	2412	92.534353615727
1	-70	2412	92.567503573996
1	-70	2412	92.60144824213
1	-70	2412	92.636017947683
1	-70	2412	92.663602200648
1	-70	2412	92.693352929532
1	-70	2412	92.727946366159
1	-70	2412	92.761162140208
1	-70	2412	92.795084412878
1	-70	2412	92.828907520869
1	-70	2412	92.863314846335
1	-70	2412	92.89721701905
1	-69	2412	92.928195105023
1	-70	2412	92.961709128383
1	-70	2412	92.996206624364
1	-70	2412	93.028095194443
1	-70	2412	93.062447947836
1	-70	2412	93.090664566678
1	-70	2412	93.122991514402
1	-70	2412	93.155072113603
1	-70	2412	93.189356062557
1	-70	2412	93.220866663907
1	-71	2412	93.251141839298
1	-71	2412	93.284647438862
1	-70	2412	93.319043770922
1	-70	2412	93.352926354188
1	-70	2412	93.385842550886
1	-70	2412	93.419636409047
1	-70	2412	93.454021063537
1	-70	2412	93.488641307825
1	-70	2412	93.523181432414
1	-70	2412	93.552049986268
1	-70	2412	93.586514894146
1	-70	2412	93.61971855076
1	-70	2412	93.653598679136
1	-70	2412	93.686168258566
1	-70	2412	93.720000182656
1	-70	2412	93.754396641588
1	-70	2412	93.788232234269
1	-70	2412	93.820388074731
1	-70	2412	93.854511476101
1	-70	2412	93.888076485841
1	-70	2412	93.921129123119
1	-70	2412	93.954179782812
1	-70	2412	93.987787736465
1	-70	2412	94.020234979947
1	-70	2412	94.054693257777
1	-70	2412	94.089182684638
1	-70	2412	94.121126060585
1	-70	2412	94.155382387208
1	-70	2412	94.189668146481
1	-70	2412	94.223559706455
1	-70	2412	94.255011021395
1	-70	2412	94.28414006559
1	-70	2412	94.31805961656
1	-70	2412	94.347752377167
1	-70	2412	94.380547349282
1	-70	2412	94.411134333476
1	-70	2412	94.4441237151
1	-70	2412	94.477956378987
1	-69	2412	94.512410275467
1	-70	2412	94.546119086982
1	-70	2412	94.578741030885
1	-69	2412	94.448840490492
1	-70	2412	94.482911262756
1	-69	2412	94.516503554598
1	-70	2412	94.548689513885
1	-70	2412	94.581143258699
1	-70	2412	94.61543450098
1	-70	2412	94.649847366734
1	-71	2412	94.683169134191
1	-70	2412	94.716892243443
1	-70	2412	94.748450874594
1	-70	2412	94.773957586968
1	-70	2412	94.805061042434
1	-70	2412	94.83864703182
1	-70	2412	94.872746735835
1	-70	2412	94.903152384303
1	-71	2412	94.937176403541
1	-70	2412	94.971650155261
1	-70	2412	95.005797380825
1	-70	2412	95.04025132966
1	-70	2412	95.07060582431
1	-70	2412	95.099182411256
1	-70	2412	95.130530108812
1	-70	2412	95.164972479199
1	-70	2412	95.183050684938
1	-70	2412	95.216928033558
1	-69	2412	95.251284566641
1	-69	2412	95.285585698912
1	-70	2412	95.318162253093
1	-70	2412	95.351361430785
1	-70	2412	95.385505682228
1	-70	2412	95.419389437468
1	-70	2412	95.451598958144
1	-70	2412	95.485170374302
1	-70	2412	95.519171584818
1	-70	2412	95.552776731895
1	-70	2412	95.583762334154
1	-70	2412	95.614477695079
1	-70	2412	95.648109128553
1	-70	2412	95.681885796421
1	-70	2412	95.716251388057
1	-70	2412	95.750164964451
1	-70	2412	95.784341603412
1	-70	2412	95.818218418561
1	-70	2412	95.85117544269
1	-70	2412	95.88398682733
1	-71	2412	95.917576392779
1	-70	2412	95.95113667798
1	-70	2412	95.981688857781
1	-70	2412	96.015942632142
1	-70	2412	96.031901319062
1	-70	2412	96.066204830714
1	-70	2412	96.093366316313
1	-70	2412	96.114923864889
1	-70	2412	96.147877760571
1	-70	2412	95.761652428878
1	-70	2412	95.795048913517
1	-70	2412	95.82621067855
1	-70	2412	95.859518955631
1	-69	2412	95.893630148027
1	-69	2412	95.927772836949
1	-69	2412	95.961761656287
1	-70	2412	95.994868440186
1	-70	2412	96.028943453718
1	-70	2412	96.061438358325
1	-70	2412	96.094602099529
1	-70	2412	96.12886047901
1	-70	2412	96.16263398185
1	-70	2412	96.192285669032
1	-70	2412	96.226374076469
1	-70	2412	96.259768284468
1	-70	2412	96.293986562632
1	-70	2412	96.326635481
1	-70	2412	96.360530548136
1	-70	2412	96.38580795685
1	-70	2412	96.419768890865
1	-70	2412	96.453761400418
1	-70	2412	96.480814878413
1	-70	2412	96.505443672468
1	-70	2412	96.538961471556
1	-70	2412	96.571693634276
1	-70	2412	96.603419387253
1	-70	2412	96.63767844833
1	-70	2412	96.670905238216
1	-70	2412	96.70424672586
1	-70	2412	96.737675994267
1	-70	2412	96.771515133211
1	-70	2412	96.80549571573
1	-70	2412	96.837208258009
1	-70	2412	96.870812770549
1	-70	2412	96.903004079275
1	-70	2412	96.932485223498
1	-70	2412	96.964329037893
1	-70	2412	96.997379865689
1	-70	2412	97.031354665989
1	-70	2412	97.062930152217
1	-70	2412	97.097549632622
1	-70	2412	97.132324692036
1	-71	2412	97.072602494087
1	-70	2412	89.143269480778
1	-70	2412	89.175258286686
1	-70	2412	89.161941783246
1	-70	2412	88.327651928401
1	-70	2412	88.107664600746
1	-70	2412	88.138886338436
1	-70	2412	88.030379600445
1	-70	2412	88.061783041604
1	-70	2412	84.721891385773
